Date,Interval,Time,DeadGams,Notes,Revertgams,Newgams,GroupSize,Pupae,eggs,larvae,NumGams,multigam,multigam2,Treatment,SourceCol,PHOTO_YO,PHOTO_MATED,PHOTO_YB,cricket,headwidth_mm,,indcode,Colcode,Colony,Mark,Status_Scanobs,status2,status3,omit,Duel,NumDuel,Antennaldrumming,Numantdrum,Recantdrum,Domperf,NumDomperf,Domrec,NumDomrec,Allogrooming,Recgrooming,WalkOver,NumWalkover,HandlePupae,Handlinglarv,Handlingoldeggs,BroodHandling,Outside,Time Outside
1/6/20,Twelve,Final,1,,1,0,14,20,,,6,1,1,IP,47BC/2,,,,,,,1,A,47BC/2,YGM,G,G,G,0,5,44,3,3,2,0,0,0,0,0,0,0,0,0,0,0,0,0,0
10/10/19,Twelve,Initial,,,,,129,5,,,8,1,1,IP,47BC/2,,,,,,,1,A,47BC/2,YGM,G,G,G,0,3,10,0,0,0,0,0,0,0,1,0,0,0,0,0,0,0,0,0
1/6/20,Twelve,Final,1,,1,0,14,20,,,6,1,1,IP,47BC/2,,,,,,,2,A,47BC/2,GOY,G,G,G,0,7,132,4,13,1,0,0,0,0,0,0,0,0,0,0,0,0,0,0
10/10/19,Twelve,Initial,,,,,129,5,,,8,1,1,IP,47BC/2,,,,,,,2,A,47BC/2,GOY,G,G,G,0,3,19,0,0,0,1,1,0,0,0,0,0,0,0,0,0,0,0,0
1/6/20,Twelve,Final,1,,1,0,14,20,,,6,1,1,IP,47BC/2,,,,,,,3,A,47BC/2,GYM,G,G,G,0,6,70,2,3,0,0,0,0,0,0,0,0,0,0,0,0,0,0,0
10/10/19,Twelve,Initial,,,,,129,5,,,8,1,1,IP,47BC/2,,,,,,,3,A,47BC/2,GYM,G,G,G,0,3,16,0,0,0,0,0,0,0,0,0,0,0,0,0,0,0,0,0
1/6/20,Twelve,Final,1,,1,0,14,20,,,6,1,1,IP,47BC/2,,,,,,,4,A,47BC/2,YOB,G,G,G,0,6,84,1,1,3,0,0,0,0,0,1,0,0,1,0,0,1,0,0
10/10/19,Twelve,Initial,,,,,129,5,,,8,1,1,IP,47BC/2,,,,,,,4,A,47BC/2,YOB,G,G,G,0,2,11,0,0,0,1,1,0,0,0,0,0,0,0,0,0,0,0,0
10/10/19,Twelve,Initial,,,,,129,5,,,8,1,1,IP,47BC/2,,,,,,,5,A,47BC/2,YBM,G,G,RG,1,1,2,0,0,0,0,0,0,0,0,0,0,0,0,0,0,0,0,0
1/6/20,Twelve,Final,1,,1,0,14,20,,,6,1,1,IP,47BC/2,,,,,,,5,A,47BC/2,YBM,unclear,RG,RG,1,0,0,1,1,0,0,0,0,0,0,1,0,0,0,0,0,0,10,0
1/6/20,Twelve,Final,1,,1,0,14,20,,,6,1,1,IP,47BC/2,,,,,,,6,A,47BC/2,YMB,G,G,G,0,5,133,0,0,0,0,0,0,0,0,0,0,0,0,0,0,0,0,0
10/10/19,Twelve,Initial,,,,,129,5,,,8,1,1,IP,47BC/2,,,,,,,6,A,47BC/2,YMB,G,G,G,0,2,14,0,0,0,0,0,0,0,0,0,0,0,0,0,0,0,0,0
1/6/20,Twelve,Final,1,,1,0,14,20,,,6,1,1,IP,47BC/2,3,1,1,,2.581,,7,A,47BC/2,YGB,G,G,G,0,6,101,2,4,0,0,0,0,0,0,0,0,0,0,0,0,0,0,0
10/10/19,Twelve,Initial,,,,,129,5,,,8,1,1,IP,47BC/2,,,,,,,7,A,47BC/2,YGB,G,G,G,0,1,1,0,0,0,0,0,0,0,1,0,0,0,0,0,0,0,0,0
1/6/20,Twelve,Final,1,,1,0,14,20,,,6,1,1,IP,47BC/2,,,,,,,8,A,47BC/2,BYM,RG,G,G,1,6,149,4,5,0,0,0,0,0,0,0,0,0,0,0,0,0,0,0
10/10/19,Twelve,Initial,,,,,129,5,,,8,1,1,IP,47BC/2,,,,,,,8,A,47BC/2,BYM,G,G,G,1,2,9,0,0,0,0,0,0,0,0,0,0,0,0,0,0,0,2,0
3/10/20,Twelve,Final,,,0,0,12,34,,,8,1,1,IP,S1,7,0,1,,2.631,,9,B,51 A/2(+)(99B),G,G,G,G,0,0,0,0,0,1,0,0,0,0,0,0,0,0,0,0,0,0,0,0
12/18/19,Twelve,Initial,,,,,82,13,,,8,1,1,IP,S1,,,,,,,9,B,51 A/2(+)(99B),G,G,G,G,0,0,0,0,0,0,0,0,0,0,0,0,0,0,0,0,0,0,0,0
3/10/20,Twelve,Final,,,0,0,12,34,,,8,1,1,IP,S1,,,,,,,10,B,51 A/2(+)(99B),Y,G,G,G,0,0,0,0,0,1,0,0,0,0,0,0,0,0,0,1,0,1,0,0
12/18/19,Twelve,Initial,,,,,82,13,,,8,1,1,IP,S1,,,,,,,10,B,51 A/2(+)(99B),Y,G,G,G,0,1,2,0,0,0,1,2,0,0,1,0,0,0,0,0,0,0,0,0
3/10/20,Twelve,Final,,,0,0,12,34,,,8,1,1,IP,S1,,,,,,,11,B,51 A/2(+)(99B),W,G,G,G,0,0,0,0,0,0,0,0,0,0,0,0,0,0,0,0,0,0,0,0
12/18/19,Twelve,Initial,,,,,82,13,,,8,1,1,IP,S1,,,,,,,11,B,51 A/2(+)(99B),W,G,G,G,0,1,5,1,1,0,1,2,0,0,0,0,0,0,0,1,0,1,0,0
3/10/20,Twelve,Final,,,0,0,12,34,,,8,1,1,IP,S1,,,,,,,12,B,51 A/2(+)(99B),O,G,G,G,0,0,0,0,0,1,0,0,0,0,0,0,0,0,0,0,0,0,0,0
12/18/19,Twelve,Initial,,,,,82,13,,,8,1,1,IP,S1,,,,,,,12,B,51 A/2(+)(99B),O,G,G,G,0,0,0,0,0,0,0,0,0,0,0,0,0,0,0,0,0,0,0,0
3/10/20,Twelve,Final,,,0,0,12,34,,,8,1,1,IP,S1,,,,,,,13,B,51 A/2(+)(99B),B,G,G,G,0,1,9,0,0,0,0,0,0,0,0,0,0,0,0,0,0,0,0,0
12/18/19,Twelve,Initial,,,,,82,13,,,8,1,1,IP,S1,,,,,,,13,B,51 A/2(+)(99B),B,G,G,G,0,0,0,0,0,0,0,0,0,0,0,0,0,0,0,0,0,0,0,0
3/10/20,Twelve,Final,,,0,0,12,34,,,8,1,1,IP,S1,,,,,,,14,B,51 A/2(+)(99B),BWB,G,G,G,0,1,1,0,0,0,0,0,0,0,0,0,0,0,0,0,0,0,0,0
12/18/19,Twelve,Initial,,,,,82,13,,,8,1,1,IP,S1,,,,,,,14,B,51 A/2(+)(99B),BWB,G,G,G,0,1,3,0,0,0,1,3,0,0,0,0,0,0,0,1,0,1,0,0
3/10/20,Twelve,Final,,,0,0,12,34,,,8,1,1,IP,S1,,,,,,,15,B,51 A/2(+)(99B),WBW,G,G,G,0,0,0,0,0,0,0,0,0,0,0,0,0,0,1,0,0,1,0,0
12/18/19,Twelve,Initial,,,,,82,13,,,8,1,1,IP,S1,,,,,,,15,B,51 A/2(+)(99B),WBW,G,G,G,0,0,0,1,1,0,0,0,0,0,0,0,0,0,0,0,0,0,0,0
3/10/20,Twelve,Final,,,0,0,12,34,,,8,1,1,IP,S1,7,1,1,,2.896,,16,B,51 A/2(+)(99B),OBO,G,G,G,0,2,12,3,5,0,0,0,0,0,0,0,0,0,0,0,0,0,0,0
12/18/19,Twelve,Initial,,,,,82,13,,,8,1,1,IP,S1,,,,,,,16,B,51 A/2(+)(99B),OBO,G,G,G,0,1,4,0,0,0,0,0,0,0,0,0,0,0,0,0,0,0,0,0
7/7/21,Eighteen,Final,,"no new umw, but additional duelers away from gam",0,0,9,61,17,6,1,0,0,SP,F100,6,1,1,0,2.592,,17,C,F100A,OWO,G,G,G,0,0,0,1,1,0,0,0,0,0,0,1,0,0,0,0,0,0,0,0
4/14/21,Eighteen,Initial,,,,,110,13,,,11,1,0,SP,F100,,,,,,,17,C,F100A,OWO,G,G,G,0,4,32,1,1,0,0,0,0,0,0,0,0,0,0,0,0,0,1,0
2/28/22,Eighteen,Final,,,0,0,19,0,52,3,2,1,1,SP,F103,9,1,1,0,2.833,,18,D,F103,YGY,G,G,G,0,0,0,0,0,0,0,0,0,0,0,0,0,0,0,0,0,0,0,0
12/6/21,Eighteen,Initial,,,,,82,1,,,10,1,1,SP,F103,,,,,,,18,D,F103,YGY,G,G,G,0,1,13,0,0,0,0,0,0,0,0,1,0,0,0,0,0,0,0,0
2/28/22,Eighteen,Final,,,0,0,19,0,52,3,2,1,1,SP,F103,8,1,1,0,2.534,,19,D,F103,YOY,G,G,G,0,0,0,4,5,0,0,0,0,0,0,1,0,0,0,0,1,1,0,0
12/6/21,Eighteen,Initial,,,,,82,1,,,10,1,1,SP,F103,,,,,,,19,D,F103,YOY,G,G,G,0,0,0,1,1,0,0,0,0,0,0,0,0,0,0,0,0,0,0,0
2/28/22,Eighteen,Final,,,0,0,19,0,52,3,2,1,1,SP,F103,,,,,,,20,D,F103,OWO,W,W,W,0,0,0,0,0,0,0,0,0,0,0,0,0,0,0,0,0,0,8,0
12/6/21,Eighteen,Initial,,,,,82,1,,,10,1,1,SP,F103,,,,,,,20,D,F103,OWO,W,W,W,0,0,0,0,0,0,0,0,0,0,1,3,0,0,0,0,0,0,13,0
2/28/22,Eighteen,Final,,,0,0,19,0,52,3,2,1,1,SP,F103,,,,,,,21,D,F103,OB,W,W,W,0,0,0,0,0,0,0,0,0,0,0,0,0,0,0,0,0,0,6,0
12/6/21,Eighteen,Initial,,,,,82,1,,,10,1,1,SP,F103,,,,,,,21,D,F103,OB,W,W,W,0,0,0,0,0,0,0,0,0,0,0,1,0,0,0,0,0,0,14,0
2/28/22,Eighteen,Final,,,0,0,19,0,52,3,2,1,1,SP,F103,,,,,,,22,D,F103,YMO,W,W,W,0,0,0,0,0,0,0,0,0,0,0,0,0,0,0,0,0,0,4,0
12/6/21,Eighteen,Initial,,,,,82,1,,,10,1,1,SP,F103,,,,,,,22,D,F103,YMO,W,W,W,0,0,0,0,0,0,0,0,0,0,0,0,0,0,0,0,0,0,14,0
11/23/21,Eighteen,Final,1,,1,0,9,1,47,9,6,1,1,IP,F105,5,1,1,0,2.77,,23,E,F105,GOG,G,G,G,0,0,0,3,3,1,0,0,0,0,0,0,0,0,0,0,0,0,0,0
8/31/21,Eighteen,Initial,,,,,72,3,,,7,1,1,IP,F105,,,,,,,23,E,F105,GOG,G,G,G,0,1,3,2,2,0,0,0,0,0,0,1,0,0,0,0,0,0,0,0
11/23/21,Eighteen,Final,1,,1,0,9,1,47,9,6,1,1,IP,F105,7,1,1,0,2.903,,24,E,F105,YGY,G,G,G,0,1,2,0,0,2,0,0,0,0,0,0,0,0,0,0,0,0,0,0
8/31/21,Eighteen,Initial,,,,,72,3,,,7,1,1,IP,F105,,,,,,,24,E,F105,YGY,G,G,G,0,1,1,0,0,0,0,0,0,0,0,0,0,0,0,0,0,0,1,0
11/23/21,Eighteen,Final,1,,1,0,9,1,47,9,6,1,1,IP,F105,5,1,1,0,2.652,,25,E,F105,GYG,G,G,G,0,4,24,2,3,0,0,0,0,0,0,0,0,0,0,0,0,0,0,0
8/31/21,Eighteen,Initial,,,,,72,3,,,7,1,1,IP,F105,,,,,,,25,E,F105,GYG,G,G,G,0,1,1,1,1,0,0,0,0,0,0,0,0,0,0,0,0,0,0,0
11/23/21,Eighteen,Final,1,,1,0,9,1,47,9,6,1,1,IP,F105,0,1,1,0,2.715,,26,E,F105,GOW,G,G,G,0,3,11,2,2,1,0,0,0,0,0,0,0,0,0,0,0,0,0,0
8/31/21,Eighteen,Initial,,,,,72,3,,,7,1,1,IP,F105,,,,,,,26,E,F105,GOW,G,G,G,0,0,0,0,0,0,0,0,0,0,0,0,0,0,0,0,0,0,0,0
11/23/21,Eighteen,Final,1,,1,0,9,1,47,9,6,1,1,IP,F105,6,1,1,0,2.704,,27,E,F105,OBO,G,G,G,0,3,9,1,1,1,0,0,0,0,0,0,0,0,1,0,0,1,0,0
8/31/21,Eighteen,Initial,,,,,72,3,,,7,1,1,IP,F105,,,,,,,27,E,F105,OBO,G,G,G,0,1,5,0,0,0,0,0,0,0,0,0,0,0,0,0,0,0,0,0
11/23/21,Eighteen,Final,1,,1,0,9,1,47,9,6,1,1,IP,F105,5,1,1,0,2.765,,28,E,F105,WGW,G,G,G,0,0,0,1,3,0,0,0,0,0,0,2,1,1,0,0,0,0,0,0
8/31/21,Eighteen,Initial,,,,,72,3,,,7,1,1,IP,F105,,,,,,,28,E,F105,WGW,G,G,G,0,0,0,0,0,0,0,0,0,0,0,0,0,0,0,0,0,0,0,0
7/28/21,Eighteen,Final,,,0,0,7,1,18,7,1,0,0,SP,F105,0,1,0,1,2.596,,29,F,F105/2,GWG,W,W,W,0,0,0,0,0,0,0,0,0,0,0,4,0,0,0,0,0,0,1,0
5/5/21,Eighteen,Initial,,,,,71,3,,,5,1,0,SP,F105,,,,,,,29,F,F105/2,GWG,W,W,W,0,0,0,0,0,0,0,0,0,0,2,3,0,0,0,1,0,1,12,0
7/28/21,Eighteen,Final,,,0,0,7,1,18,7,1,0,0,SP,F105,6,1,1,0,3.026,,30,F,F105/2,OGO,G,G,G,0,0,0,0,0,0,0,0,0,0,0,0,0,0,0,0,0,0,0,0
5/5/21,Eighteen,Initial,,,,,71,3,,,5,1,0,SP,F105,,,,,,,30,F,F105/2,OGO,G,G,G,0,3,8,0,0,0,0,0,0,0,0,1,0,0,0,0,0,0,0,0
7/28/21,Eighteen,Final,,,0,0,7,1,18,7,1,0,0,SP,F105,1,1,1,0,2.754,,31,F,F105/2,OYO,W,W,W,0,0,0,0,0,0,0,0,0,0,0,0,0,0,0,0,0,0,0,0
5/5/21,Eighteen,Initial,,,,,71,3,,,5,1,0,SP,F105,,,,,,,31,F,F105/2,OYO,W,W,W,0,1,5,0,0,0,1,1,0,0,3,1,0,0,0,0,0,0,3,0
12/31/19,Twelve,Final,,,0,1,19,17,,,2,1,1,SP,F107,4,1,1,,,,32,G,F107/1,OG,G,G,G,0,0,0,0,0,0,0,0,0,0,0,1,0,0,0,0,0,0,1,0
10/4/19,Twelve,Initial,,,,,67,3,,,7,1,1,SP,F107,,,,,,,32,G,F107/1,OG,G,G,G,0,1,3,1,1,0,0,0,0,0,0,0,0,0,0,0,0,0,0,0
12/31/19,Twelve,Final,,,0,1,19,17,,,2,1,1,SP,F107,6,1,1,,,,33,G,F107/1,GGY(-/BLU),G,G,G,0,0,0,0,0,0,0,0,0,0,0,0,0,0,0,1,0,1,0,0
10/4/19,Twelve,Initial,,,,,67,3,,,7,1,1,SP,F107,,,,,,,33,G,F107/1,GGY(-/BLU),G,G,G,0,2,8,1,3,0,0,0,0,0,0,0,0,0,0,0,0,0,0,0
12/31/19,Twelve,Final,,,0,1,19,17,,,2,1,1,SP,F107,,,,,,,34,G,F107/1,YB,W,W,W,0,1,1,1,1,2,0,0,0,0,1,4,0,0,4,1,0,5,0,0
10/4/19,Twelve,Initial,,,,,67,3,,,7,1,1,SP,F107,,,,,,,34,G,F107/1,YB,W,W,W,0,0,0,0,0,0,0,0,0,0,0,1,0,0,0,0,0,0,6,0
12/31/19,Twelve,Final,,,0,1,19,17,,,2,1,1,SP,F107,,,,,,,35,G,F107/1,white (previously umw),unclear,NG,NG,1,1,1,2,4,0,0,0,0,0,1,1,0,0,0,6,1,6,1,0
10/4/19,Twelve,Initial,,,,,67,3,,,7,1,1,SP,F107,,,,,,,35,G,F107/1,white (previously umw),W,W,NG,1,0,0,0,0,0,0,0,0,0,0,0,0,0,0,0,0,0,1,0
6/8/21,Eighteen,Final,,,0,0,18,84,23,11,2,1,1,SP,F111,6,1,1,0,2.708,,36,H,F111,WBW,G,G,G,0,0,0,2,2,0,0,0,0,0,0,0,0,0,1,0,0,1,0,0
3/16/21,Eighteen,Initial,,,,,94,16,,,8,1,1,SP,F111,,,,,,,36,H,F111,WBW,G,G,G,0,3,7,0,0,0,0,0,0,0,0,0,0,0,1,0,0,1,0,0
6/8/21,Eighteen,Final,,,0,0,18,84,23,11,2,1,1,SP,F111,7,1,1,0,2.79,,37,H,F111,POP,G,G,G,0,0,0,2,9,0,0,0,0,0,0,0,0,0,1,0,0,1,0,0
3/16/21,Eighteen,Initial,,,,,94,16,,,8,1,1,SP,F111,,,,,,,37,H,F111,POP,G,G,G,0,3,9,0,0,0,0,0,0,0,0,0,0,0,0,0,0,0,0,0
2/28/22,Eighteen,Final,1,,1,0,7,0,30,5,5,1,1,IP,F111,5,1,1,0,2.536,,38,I,F111/1,PGP,G,G,G,0,0,0,0,0,0,0,0,0,0,1,0,0,0,0,0,0,0,0,0
12/6/21,Eighteen,Initial,,,,,67,0,,,6,1,1,IP,F111,,,,,,,38,I,F111/1,PGP,G,G,G,0,7,51,1,1,0,1,1,0,0,0,0,0,0,0,0,0,0,0,0
2/28/22,Eighteen,Final,1,,1,0,7,0,30,5,5,1,1,IP,F111,5,1,1,0,2.558,,39,I,F111/1,GPG,G,G,G,0,0,0,0,0,0,0,0,0,0,0,0,0,0,0,0,2,2,0,0
12/6/21,Eighteen,Initial,,,,,67,0,,,6,1,1,IP,F111,,,,,,,39,I,F111/1,GPG,G,G,G,0,5,16,2,4,0,0,0,0,0,1,0,1,1,0,0,0,0,1,0
2/28/22,Eighteen,Final,1,,1,0,7,0,30,5,5,1,1,IP,F111,4,1,1,0,2.514,,40,I,F111/1,WPW,G,G,G,0,0,0,0,0,0,0,0,0,0,0,0,0,0,0,0,1,1,0,0
12/6/21,Eighteen,Initial,,,,,67,0,,,6,1,1,IP,F111,,,,,,,40,I,F111/1,WPW,G,G,G,0,7,68,0,0,0,0,0,0,0,0,0,0,0,0,0,1,1,1,0
2/28/22,Eighteen,Final,1,,1,0,7,0,30,5,5,1,1,IP,F111,3,1,1,0,2.417,,41,I,F111/1,PWP,G,G,G,0,0,0,0,0,0,0,0,0,0,0,1,0,0,0,0,1,1,0,0
12/6/21,Eighteen,Initial,,,,,67,0,,,6,1,1,IP,F111,,,,,,,41,I,F111/1,PWP,G,G,G,0,5,33,1,1,0,0,0,0,0,0,0,0,0,0,0,0,0,0,0
2/28/22,Eighteen,Final,1,,1,0,7,0,30,5,5,1,1,IP,F111,3,1,1,0,2.53,,42,I,F111/1,PBP,G,G,G,0,0,0,0,0,0,0,0,0,0,1,1,0,0,0,0,0,0,0,0
12/6/21,Eighteen,Initial,,,,,67,0,,,6,1,1,IP,F111,,,,,,,42,I,F111/1,PBP,G,G,G,0,3,35,2,3,0,0,0,0,0,0,0,1,1,0,0,0,0,1,0
4/14/20,Twelve,Final,,,0,1,15,22,,,1,0,0,SP,F20,5,1,1,,2.878,,43,J,F20/1,P,G,G,G,0,14,215,5,6,2,0,0,0,0,0,0,0,0,0,0,0,0,1,0
1/21/20,Twelve,Initial,,,,,67,15,,,4,1,0,SP,F20,,,,,,,43,J,F20/1,P,G,G,G,0,1,14,1,1,0,0,0,0,0,0,0,0,0,0,1,0,1,0,0
4/14/20,Twelve,Final,,,0,1,15,22,,,1,0,0,SP,F20,,,,,,,44,J,F20/1,W,unclear,NG,NG,1,14,171,1,1,0,0,0,0,0,0,0,0,0,0,0,0,0,0,0
1/21/20,Twelve,Initial,,,,,67,15,,,4,1,0,SP,F20,,,,,,,44,J,F20/1,W,W,W,NG,1,7,31,1,1,0,0,0,0,0,1,1,1,1,0,1,0,1,0,0
4/14/20,Twelve,Final,,,0,1,15,22,,,1,0,0,SP,F20,,,,,,,45,J,F20/1,WGW,unclear,NG,NG,1,4,24,0,0,1,0,0,0,0,0,0,0,0,0,0,0,0,0,0
1/21/20,Twelve,Initial,,,,,67,15,,,4,1,0,SP,F20,,,,,,,45,J,F20/1,WGW,W,W,NG,1,6,13,3,5,0,0,0,0,0,0,0,1,1,0,0,0,0,0,0
4/14/20,Twelve,Final,,,0,1,15,22,,,1,0,0,SP,F20,,,,,,,46,J,F20/1,WPW,W,W,W,0,0,0,0,0,0,0,0,0,0,2,0,0,0,0,0,0,0,1,0
1/21/20,Twelve,Initial,,,,,67,15,,,4,1,0,SP,F20,,,,,,,46,J,F20/1,WPW,W,W,W,0,1,1,0,0,1,0,0,0,0,0,0,1,1,0,1,0,1,0,0
4/14/20,Twelve,Final,,,0,1,15,22,,,1,0,0,SP,F20,,,,,,,47,J,F20/1,YWY,unclear,NG,NG,1,10,154,0,0,1,0,0,0,0,0,0,0,0,0,0,0,0,0,0
1/21/20,Twelve,Initial,,,,,67,15,,,4,1,0,SP,F20,,,,,,,47,J,F20/1,YWY,W,W,NG,1,1,1,0,0,0,0,0,0,0,0,0,0,0,0,1,1,2,0,0
4/14/20,Twelve,Final,,,0,1,15,22,,,1,0,0,SP,F20,,,,,,,48,J,F20/1,YBY,W,W,W,0,1,12,0,0,0,0,0,0,0,2,0,0,0,0,1,1,2,3,0
1/21/20,Twelve,Initial,,,,,67,15,,,4,1,0,SP,F20,,,,,,,48,J,F20/1,YBY,W,W,W,0,0,0,0,0,0,0,0,0,0,0,1,1,1,0,0,0,0,6,0
4/14/20,Twelve,Final,,,0,1,15,22,,,1,0,0,SP,F20,,,,,,,49,J,F20/1,YGY,W,W,W,0,0,0,0,0,0,0,0,0,0,0,2,0,0,0,0,0,0,8,0
1/21/20,Twelve,Initial,,,,,67,15,,,4,1,0,SP,F20,,,,,,,49,J,F20/1,YGY,W,W,W,0,1,2,1,1,0,0,0,0,0,0,0,0,0,0,0,0,0,3,0
1/5/20,Twelve,Final,,,0,0,12,46,,,1,0,0,SP,F21,5,1,1,,,,50,K,F21/1,O,G,G,G,0,0,0,1,2,0,0,0,0,0,0,0,0,0,0,0,0,0,0,0
10/9/19,Twelve,Initial,,,,,88,31,,,6,1,0,SP,F21,,,,,,,50,K,F21/1,O,G,G,G,0,1,4,2,2,0,1,0,0,0,0,0,0,0,0,0,0,0,0,0
1/5/20,Twelve,Final,,,0,0,12,46,,,1,0,0,SP,F21,,,,,,,51,K,F21/1,Y,W,W,W,0,0,0,0,0,0,0,0,0,0,2,0,0,0,2,1,1,4,1,0
10/9/19,Twelve,Initial,,,,,88,31,,,6,1,0,SP,F21,,,,,,,51,K,F21/1,Y,W,W,W,0,4,13,3,11,0,0,0,0,0,1,1,0,0,0,0,0,0,0,0
1/5/20,Twelve,Final,,,0,0,12,46,,,1,0,0,SP,F21,,,,,,,52,K,F21/1,B,W,W,W,0,0,0,0,0,0,0,0,0,0,0,1,0,0,1,0,0,1,0,0
10/9/19,Twelve,Initial,,,,,88,31,,,6,1,0,SP,F21,,,,,,,52,K,F21/1,B,W,W,W,0,0,0,0,0,0,0,0,0,0,0,0,0,0,0,0,1,1,0,0
1/5/20,Twelve,Final,,,0,0,12,46,,,1,0,0,SP,F21,,,,,,,53,K,F21/1,WPW,W,W,W,0,0,0,0,0,0,0,0,0,0,1,2,1,1,0,0,0,0,0,0
10/9/19,Twelve,Initial,,,,,88,31,,,6,1,0,SP,F21,,,,,,,53,K,F21/1,WPW,W,W,W,0,0,0,0,0,0,0,0,0,0,0,0,2,2,0,0,0,0,0,0
1/5/20,Twelve,Final,,,0,0,12,46,,,1,0,0,SP,F21,,,,,,,54,K,F21/1,YPY,W,W,W,0,0,0,0,0,0,0,0,0,0,0,1,0,0,0,0,0,0,0,0
10/9/19,Twelve,Initial,,"scanobs makes it look unclear at Initial, but safe to assume it is W",,,88,31,,,6,1,0,SP,F21,,,,,,,54,K,F21/1,YPY,W,W,W,0,0,0,0,0,0,0,0,0,0,1,0,0,0,0,0,0,0,4,0
1/5/20,Twelve,Final,,,0,0,12,46,,,1,0,0,SP,F21,,,,,,,55,K,F21/1,OYO,W,W,W,0,0,0,0,0,0,0,0,0,0,2,1,0,0,1,1,0,1,0,0
10/9/19,Twelve,Initial,,,,,88,31,,,6,1,0,SP,F21,,,,,,,55,K,F21/1,OYO,W,W,W,0,1,2,1,2,0,0,0,0,0,0,2,0,0,0,0,0,0,1,0
1/5/20,Twelve,Final,,,0,0,12,46,,,1,0,0,SP,F21,,,,,,,56,K,F21/1,BOB,W,W,W,0,0,0,0,0,0,0,0,0,0,1,1,0,0,1,0,1,2,1,0
10/9/19,Twelve,Initial,,,,,88,31,,,6,1,0,SP,F21,,,,,,,56,K,F21/1,BOB,W,W,W,0,0,0,0,0,0,0,0,0,0,1,1,0,0,0,0,0,0,0,0
3/11/20,Twelve,Final,1,,0,0,6,17,,,4,1,1,IP,F21,4,1,1,,2.488,,57,L,F21/1A,WYW,G,G,G,0,0,0,0,0,0,0,0,0,0,0,0,0,0,0,0,0,0,2,0
12/19/19,Twelve,Initial,,,,,77,16,,,5,1,1,IP,F21,,,,,,,57,L,F21/1A,WYW,G,G,G,0,0,0,2,6,0,0,0,0,0,0,0,0,0,0,0,0,0,0,0
3/11/20,Twelve,Final,1,,0,0,6,17,,,4,1,1,IP,F21,,,,,,,58,L,F21/1A,YBY,G,G,G,0,0,0,0,0,0,0,0,0,0,0,0,0,0,0,2,0,2,0,0
12/19/19,Twelve,Initial,,,,,77,16,,,5,1,1,IP,F21,,,,,,,58,L,F21/1A,YBY,G,G,G,0,0,0,0,0,0,0,0,0,0,0,0,0,0,0,0,0,0,0,0
3/11/20,Twelve,Final,1,,0,0,6,17,,,4,1,1,IP,F21,3,1,1,,2.599,,59,L,F21/1A,G,G,G,G,0,0,0,0,0,0,0,0,0,0,0,0,0,0,0,3,1,4,0,0
12/19/19,Twelve,Initial,,,,,77,16,,,5,1,1,IP,F21,,,,,,,59,L,F21/1A,G,G,G,G,0,0,0,0,0,0,0,0,0,0,0,0,0,0,0,0,0,0,0,0
3/11/20,Twelve,Final,1,,0,0,6,17,,,4,1,1,IP,F21,2,0,1,,2.478,,60,L,F21/1A,OBO,G,G,G,0,0,0,0,0,0,0,0,0,0,0,0,0,0,0,3,1,4,0,0
12/19/19,Twelve,Initial,,,,,77,16,,,5,1,1,IP,F21,,,,,,,60,L,F21/1A,OBO,G,G,G,0,0,0,0,0,0,0,0,0,0,0,0,0,0,0,0,0,0,0,0
2/28/22,Eighteen,Final,,,0,0,53,14,100,27,3,1,1,SP,F30,11,1,1,0,2.759,,61,M,F30,OBO,G,G,G,0,2,9,2,2,0,0,0,0,0,0,0,0,0,0,1,0,1,0,0
12/6/21,Eighteen,Initial,,,,,113,3,,,4,1,1,SP,F30,,,,,,,61,M,F30,OBO,G,G,G,0,2,10,0,0,0,1,1,0,0,0,0,0,0,0,0,0,0,1,0
2/28/22,Eighteen,Final,,,0,0,53,14,100,27,3,1,1,SP,F30,12,1,1,0,2.835,,62,M,F30,BOB,G,G,G,0,3,14,0,0,0,0,0,0,0,0,0,0,0,0,1,0,1,0,0
12/6/21,Eighteen,Initial,,,,,113,3,,,4,1,1,SP,F30,,,,,,,62,M,F30,BOB,G,G,G,0,5,25,0,0,0,1,2,0,0,0,0,0,0,0,2,0,2,0,0
2/28/22,Eighteen,Final,,,0,0,53,14,100,27,3,1,1,SP,F30,12,1,1,0,2.889,,63,M,F30,GOG,G,G,G,0,4,19,3,3,0,0,0,0,0,0,0,1,1,0,0,0,0,0,0
12/6/21,Eighteen,Initial,,,,,113,3,,,4,1,1,SP,F30,,,,,,,63,M,F30,GOG,G,G,G,0,5,64,0,0,0,0,0,0,0,0,0,0,0,0,0,0,0,1,0
4/22/21,Eighteen,Final,,,0,0,13,62,70,9,8,1,1,IP,F32,3,1,1,,2.574,,64,N,F32,WGW,G,G,G,0,3,13,2,4,1,0,0,0,0,0,0,0,0,0,1,0,1,0,0
1/28/21,Eighteen,Initial,,,,,83,46,,,8,1,1,IP,F32,,,,,,,64,N,F32,WGW,G,G,G,0,4,69,0,0,0,0,0,0,0,0,0,0,0,0,0,0,0,1,0
4/22/21,Eighteen,Final,,,0,0,13,62,70,9,8,1,1,IP,F32,5,1,1,,2.703,,65,N,F32,OYO,G,G,G,0,4,29,0,0,1,0,0,0,0,0,0,0,0,1,1,0,2,0,0
1/28/21,Eighteen,Initial,,,,,83,46,,,8,1,1,IP,F32,,,,,,,65,N,F32,OYO,G,G,G,0,1,15,1,2,0,0,0,0,0,0,0,0,0,0,0,0,0,0,0
4/22/21,Eighteen,Final,,,0,0,13,62,70,9,8,1,1,IP,F32,4,1,1,,2.487,,66,N,F32,BOB,G,G,G,0,3,26,1,1,0,0,0,0,0,0,0,0,0,1,5,1,7,0,0
1/28/21,Eighteen,Initial,,,,,83,46,,,8,1,1,IP,F32,,,,,,,66,N,F32,BOB,G,G,G,0,6,62,1,1,0,0,0,0,0,0,0,0,0,0,1,0,1,0,0
4/22/21,Eighteen,Final,,,0,0,13,62,70,9,8,1,1,IP,F32,4,1,1,,2.513,,67,N,F32,BYB,G,G,G,0,2,26,0,0,1,0,0,0,0,0,0,0,0,1,3,1,4,0,0
1/28/21,Eighteen,Initial,,,,,83,46,,,8,1,1,IP,F32,,,,,,,67,N,F32,BYB,G,G,G,0,5,62,0,0,0,0,0,0,0,0,0,0,0,0,1,1,2,0,0
4/22/21,Eighteen,Final,,,0,0,13,62,70,9,8,1,1,IP,F32,4,1,1,,2.654,,68,N,F32,GWG,G,G,G,0,1,10,0,0,0,0,0,0,0,0,0,0,0,1,2,1,4,0,0
1/28/21,Eighteen,Initial,,,,,83,46,,,8,1,1,IP,F32,,,,,,,68,N,F32,GWG,G,G,G,0,5,50,2,2,0,0,0,0,0,0,0,0,0,0,1,1,2,0,0
4/22/21,Eighteen,Final,,,0,0,13,62,70,9,8,1,1,IP,F32,6,1,1,,2.828,,69,N,F32,OGO,G,G,G,0,0,0,0,0,0,0,0,0,0,0,1,0,0,0,1,0,1,0,0
1/28/21,Eighteen,Initial,,,,,83,46,,,8,1,1,IP,F32,,,,,,,69,N,F32,OGO,G,G,G,0,8,127,0,0,0,0,0,0,0,0,0,0,0,0,0,0,0,0,0
4/22/21,Eighteen,Final,,,0,0,13,62,70,9,8,1,1,IP,F32,5,1,1,,2.739,,70,N,F32,OBO,G,G,G,0,1,9,0,1,2,0,0,0,0,0,0,1,1,1,2,0,3,0,0
1/28/21,Eighteen,Initial,,,,,83,46,,,8,1,1,IP,F32,,,,,,,70,N,F32,OBO,G,G,G,0,4,77,0,0,0,0,0,0,0,0,0,0,0,0,0,0,0,1,0
4/22/21,Eighteen,Final,,,0,0,13,62,70,9,8,1,1,IP,F32,4,0,1,,2.828,,71,N,F32,OPO,G,G,G,0,0,0,0,0,0,0,0,0,0,0,0,0,0,0,0,0,0,0,0
1/28/21,Eighteen,Initial,,,,,83,46,,,8,1,1,IP,F32,,,,,,,71,N,F32,OPO,G,G,G,0,5,47,0,0,0,0,0,0,0,0,0,0,0,0,0,0,0,0,0
7/28/21,Eighteen,Final,,,1,0,21,42,16,7,2,1,1,SP,F32,5,1,1,0,2.778,,72,O,F32A,YBY,G,G,G,0,0,0,3,6,0,0,0,0,0,0,1,0,0,0,0,0,0,0,0
5/5/21,Eighteen,Initial,,,,,103,9,,,6,1,1,SP,F32,,,,,,,72,O,F32A,YBY,G,G,G,0,7,76,2,3,0,1,1,0,0,0,0,0,0,0,0,0,0,0,0
7/28/21,Eighteen,Final,,,1,0,21,42,16,7,2,1,1,SP,F32,4,1,1,0,2.69,,73,O,F32A,BYB,G,G,G,0,0,0,1,2,0,0,0,0,0,0,1,0,0,0,0,0,0,0,0
5/5/21,Eighteen,Initial,,,,,103,9,,,6,1,1,SP,F32,,,,,,,73,O,F32A,BYB,G,G,G,0,7,108,3,7,0,0,0,0,0,0,0,0,0,1,1,0,2,0,0
5/5/21,Eighteen,Initial,,,,,103,9,,,6,1,1,SP,F32,,,,,,,74,O,F32A,MYM,G,G,RG,1,10,192,2,2,0,1,1,0,0,0,0,0,0,0,0,0,0,0,0
7/28/21,Eighteen,Final,,,1,0,21,42,16,7,2,1,1,SP,F32,0,1,1,1,2.579,,74,O,F32A,MYM,RG,RG,RG,1,0,0,0,0,0,0,0,0,0,0,0,0,0,0,0,0,0,9,0
4/14/20,Twelve,Final,1,,0,0,13,38,,,7,1,1,IP,F44,6,1,1,,2.74,,75,P,F44,OB(-/slv),G,G,G,0,4,5,2,3,0,0,0,0,0,0,0,0,0,0,0,0,0,0,0
1/21/20,Twelve,Initial,,,,,64,1,,,9,1,1,IP,F44,,,,,,,75,P,F44,OB(-/slv),G,G,G,0,0,0,0,0,0,0,0,0,0,0,0,0,0,0,0,0,0,0,0
4/14/20,Twelve,Final,1,,0,0,13,38,,,7,1,1,IP,F44,,,,,,,76,P,F44,W(-/lem),G,G,G,0,1,2,2,4,0,0,0,0,0,0,0,0,0,0,0,0,0,0,0
1/21/20,Twelve,Initial,,,,,64,1,,,9,1,1,IP,F44,,,,,,,76,P,F44,W(-/lem),G,G,G,0,1,1,0,0,0,0,0,0,0,0,0,0,0,0,0,0,0,0,0
4/14/20,Twelve,Final,1,,0,0,13,38,,,7,1,1,IP,F44,7,0,1,,2.883,,77,P,F44,B (-/blue),G,G,G,0,2,3,2,2,2,0,0,0,0,0,0,0,0,0,0,0,0,1,0
1/21/20,Twelve,Initial,,,,,64,1,,,9,1,1,IP,F44,,,,,,,77,P,F44,B (-/blue),G,G,G,0,1,2,1,1,0,0,0,0,0,0,0,0,0,0,0,0,0,0,0
4/14/20,Twelve,Final,1,,0,0,13,38,,,7,1,1,IP,F44,,,,,,,78,P,F44,G(-/lem),G,G,G,0,0,0,0,0,1,0,0,0,0,0,0,0,0,0,0,0,0,0,0
1/21/20,Twelve,Initial,,,,,64,1,,,9,1,1,IP,F44,,,,,,,78,P,F44,G(-/lem),G,G,G,0,1,1,0,0,1,0,0,0,0,0,1,0,0,0,0,1,1,0,0
4/14/20,Twelve,Final,1,,0,0,13,38,,,7,1,1,IP,F44,,,,,,,79,P,F44,P,G,G,G,0,1,1,0,0,0,0,0,0,0,0,0,0,0,0,0,1,1,0,0
1/21/20,Twelve,Initial,,,,,64,1,,,9,1,1,IP,F44,,,,,,,79,P,F44,P,G,G,G,0,0,0,0,0,0,0,0,0,0,0,0,0,0,0,0,0,0,0,0
4/14/20,Twelve,Final,1,,0,0,13,38,,,7,1,1,IP,F44,,,,,,,80,P,F44,GY(-/olv),G,G,G,0,0,0,0,0,0,0,0,0,0,0,0,0,0,0,0,0,0,0,0
1/21/20,Twelve,Initial,,,,,64,1,,,9,1,1,IP,F44,,,,,,,80,P,F44,GY(-/olv),G,G,G,0,0,0,0,0,0,0,0,0,0,0,0,0,0,0,0,0,0,0,0
1/21/20,Twelve,Initial,,,,,64,1,,,9,1,1,IP,F44,,,,,,,81,P,F44,BYB,G,G,RG,1,1,2,0,0,0,0,0,0,0,0,0,0,0,0,0,0,0,0,0
4/14/20,Twelve,Final,1,BYB may be in process of reverting,0,0,13,38,,,7,1,1,IP,F44,3,1,0,,2.913,,81,P,F44,BYB,unclear,RG,RG,1,0,0,0,0,0,0,0,0,0,0,0,0,0,0,1,0,1,0,0
4/14/20,Twelve,Final,1,,0,0,13,38,,,7,1,1,IP,F44,,,,,,,82,P,F44,YBY,G,G,G,0,1,1,1,1,0,0,0,0,0,1,0,0,0,0,0,0,0,0,0
1/21/20,Twelve,Initial,,,,,64,1,,,9,1,1,IP,F44,,,,,,,82,P,F44,YBY,G,G,G,0,0,0,0,0,0,0,0,0,0,0,0,0,0,0,0,0,0,0,0
3/11/20,Twelve,Final,,,0,0,5,42,,,1,0,0,SP,F48,7,1,1,,2.814,,83,Q,F48,GPG,G,G,G,0,0,0,1,1,0,0,0,0,0,0,1,0,0,0,1,0,1,0,0
12/19/19,Twelve,Initial,,,,,71,22,,,12,1,0,SP,F48,,,,,,,83,Q,F48,GPG,G,G,G,0,2,6,0,0,1,0,0,0,0,0,0,0,0,0,0,0,0,1,0
8/26/20,Twelve,Final,,,0,0,14,48,,,8,1,1,IP,F48,6,0,1,,,,84,R,F48A,YWY,G,G,G,0,0,0,1,1,0,0,0,0,0,0,1,0,0,0,0,0,0,0,0
6/2/20,Twelve,Initial,,,,,95,15,,,8,1,1,IP,F48,,,,,,,84,R,F48A,YWY,G,G,G,0,0,0,0,0,0,0,0,0,0,0,0,0,0,0,0,0,0,0,0
8/26/20,Twelve,Final,,,0,0,14,48,,,8,1,1,IP,F48,,,,,2.904,,85,R,F48A,BGP,G,G,G,0,1,2,1,1,1,0,0,0,0,0,0,0,0,0,0,0,0,0,0
6/2/20,Twelve,Initial,,,,,95,15,,,8,1,1,IP,F48,,,,,,,85,R,F48A,BGP,G,G,G,0,1,2,2,3,0,0,0,0,0,0,0,0,0,0,0,0,0,0,0
8/26/20,Twelve,Final,,,0,0,14,48,,,8,1,1,IP,F48,5,0,1,,,,86,R,F48A,WGW,G,G,G,0,2,7,2,3,1,0,0,0,0,0,0,0,0,0,0,1,1,0,0
6/2/20,Twelve,Initial,,,,,95,15,,,8,1,1,IP,F48,,,,,,,86,R,F48A,WGW,G,G,G,0,0,0,0,0,0,0,0,0,0,0,0,0,0,0,0,0,0,0,0
8/26/20,Twelve,Final,,,0,0,14,48,,,8,1,1,IP,F48,,,,,2.719,,87,R,F48A,GPB,G,G,G,0,0,0,0,0,1,0,0,0,0,0,0,0,0,0,0,0,0,0,0
6/2/20,Twelve,Initial,,,,,95,15,,,8,1,1,IP,F48,,,,,,,87,R,F48A,GPB,G,G,G,0,0,0,2,2,0,0,0,0,0,0,0,0,0,0,0,0,0,0,0
8/26/20,Twelve,Final,,,0,0,14,48,,,8,1,1,IP,F48,,,,,2.81,,88,R,F48A,BGB,G,G,G,0,0,0,4,7,0,0,0,0,0,0,0,0,0,0,0,1,1,0,0
6/2/20,Twelve,Initial,,,,,95,15,,,8,1,1,IP,F48,,,,,,,88,R,F48A,BGB,G,G,G,0,1,6,3,3,0,1,4,0,0,0,1,0,0,0,0,0,0,0,0
8/26/20,Twelve,Final,,,0,0,14,48,,,8,1,1,IP,F48,7,0,1,,,,89,R,F48A,OWO,G,G,G,0,0,0,0,0,0,0,0,0,0,0,1,0,0,0,0,0,0,0,0
6/2/20,Twelve,Initial,,,,,95,15,,,8,1,1,IP,F48,,,,,,,89,R,F48A,OWO,G,G,G,0,1,8,0,0,0,0,0,0,0,0,0,0,0,0,0,0,0,0,0
8/26/20,Twelve,Final,,,0,0,14,48,,,8,1,1,IP,F48,5,1,1,,,,90,R,F48A,WOW,G,G,G,0,0,0,0,0,0,0,0,0,0,0,0,0,0,0,0,0,0,0,0
6/2/20,Twelve,Initial,,,,,95,15,,,8,1,1,IP,F48,,,,,,,90,R,F48A,WOW,G,G,G,0,0,0,0,0,0,1,10,0,0,0,0,0,0,0,0,0,0,0,0
8/26/20,Twelve,Final,,,0,0,14,48,,,8,1,1,IP,F48,4,0,1,,,,91,R,F48A,GYG,G,G,G,0,1,4,0,0,1,0,0,0,0,0,0,0,0,0,0,0,0,0,0
6/2/20,Twelve,Initial,,,,,95,15,,,8,1,1,IP,F48,,,,,,,91,R,F48A,GYG,G,G,G,0,0,0,1,1,0,0,0,0,0,0,1,0,0,0,0,0,0,0,0
10/2/20,Twelve,Final,,,0,0,13,69,,,8,1,1,IP,F97/1,5,1,1,,,,92,S,F97/1,PYW,G,G,G,0,1,1,0,0,0,0,0,0,0,0,0,0,0,0,0,0,0,0,0
7/8/20,Twelve,Initial,,,,,79,6,,,8,1,1,IP,F97/1,,,,,,,92,S,F97/1,PYW,G,G,G,0,2,11,1,1,0,1,4,0,0,0,0,0,0,0,0,0,0,0,0
10/2/20,Twelve,Final,,,0,0,13,69,,,8,1,1,IP,F97/1,2,1,1,,,,93,S,F97/1,PGP,G,G,G,0,1,2,0,0,0,0,0,0,0,0,0,0,0,0,2,0,2,0,0
7/8/20,Twelve,Initial,,,,,79,6,,,8,1,1,IP,F97/1,,,,,,,93,S,F97/1,PGP,G,G,G,0,5,17,2,5,0,0,0,0,0,0,0,0,0,0,0,0,0,0,0
10/2/20,Twelve,Final,,,0,0,13,69,,,8,1,1,IP,F97/1,3,0,1,,,,94,S,F97/1,YPB,G,G,G,0,0,0,0,0,0,0,0,0,0,0,1,0,0,0,0,0,0,0,0
7/8/20,Twelve,Initial,,,,,79,6,,,8,1,1,IP,F97/1,,,,,,,94,S,F97/1,YPB,G,G,G,0,4,13,0,0,2,0,0,0,0,0,0,0,0,0,0,0,0,0,0
10/2/20,Twelve,Final,,,0,0,13,69,,,8,1,1,IP,F97/1,5,1,1,,2.795,,95,S,F97/1,PWO,G,G,G,0,2,9,0,0,1,0,0,0,0,0,0,0,0,0,0,0,0,0,0
7/8/20,Twelve,Initial,,,,,79,6,,,8,1,1,IP,F97/1,,,,,,,95,S,F97/1,PWO,G,G,G,0,4,10,1,1,0,1,4,0,0,0,0,0,0,0,0,0,0,0,0
10/2/20,Twelve,Final,,,0,0,13,69,,,8,1,1,IP,F97/1,3,1,1,,2.95,,96,S,F97/1,BOB,G,G,G,0,1,1,0,0,0,0,0,0,0,0,0,0,0,1,0,0,1,0,0
7/8/20,Twelve,Initial,,,,,79,6,,,8,1,1,IP,F97/1,,,,,,,96,S,F97/1,BOB,G,G,G,0,1,1,3,4,0,1,2,0,0,0,0,0,0,0,0,0,0,1,0
10/2/20,Twelve,Final,,,0,0,13,69,,,8,1,1,IP,F97/1,4,1,1,,,,97,S,F97/1,OBO,G,G,G,0,0,0,0,0,0,0,0,0,0,0,0,0,0,0,0,0,0,0,0
7/8/20,Twelve,Initial,,,,,79,6,,,8,1,1,IP,F97/1,,,,,,,97,S,F97/1,OBO,G,G,G,0,1,1,1,2,0,0,0,0,0,0,0,0,0,0,0,0,0,1,0
10/2/20,Twelve,Final,,,0,0,13,69,,,8,1,1,IP,F97/1,4,1,1,,,,98,S,F97/1,OGO,G,G,G,0,1,4,1,1,0,0,0,0,0,0,0,0,0,1,0,0,1,0,0
7/8/20,Twelve,Initial,,,,,79,6,,,8,1,1,IP,F97/1,,,,,,,98,S,F97/1,OGO,G,G,G,0,1,6,1,1,1,1,1,0,0,1,0,0,0,0,0,0,0,0,0
10/2/20,Twelve,Final,,,0,0,13,69,,,8,1,1,IP,F97/1,3,0,1,,,,99,S,F97/1,OYO,G,G,G,0,1,6,0,0,0,0,0,0,0,0,0,0,0,0,0,0,0,0,0
7/8/20,Twelve,Initial,,,,,79,6,,,8,1,1,IP,F97/1,,,,,,,99,S,F97/1,OYO,G,G,G,0,3,14,1,1,2,1,1,0,0,0,0,0,0,0,0,0,0,0,0
10/2/20,Twelve,Final,,,0,0,13,69,,,8,1,1,IP,F97/1,,,,,,,100,S,F97/1,YOY,unclear,W,W,1,0,0,0,0,1,0,0,0,0,0,0,0,0,1,0,0,1,7,0
7/8/20,Twelve,Initial,,,,,79,6,,,8,1,1,IP,F97/1,,,,,,,100,S,F97/1,YOY,W,W,W,1,0,0,0,0,0,0,0,0,0,1,2,2,2,0,0,0,0,9,0
9/12/20,Twelve,Final,,,0,0,16,15,,,10,1,1,IP,R017A,4,1,1,,2.738,,101,T,R017A/2(16),YBY,G,G,G,0,0,0,1,3,0,0,0,0,0,0,0,0,0,0,0,0,0,0,0
6/18/20,Twelve,Initial,,,,,87,4,,,10,1,1,IP,R017A,,,,,,,101,T,R017A/2(16),YBY,G,G,G,0,2,2,2,5,0,0,0,0,0,0,0,0,0,0,3,0,3,0,0
9/12/20,Twelve,Final,,,0,0,16,15,,,10,1,1,IP,R017A,5,1,1,,,,102,T,R017A/2(16),GMY,G,G,G,0,0,0,5,8,3,0,0,0,0,0,1,0,0,0,0,0,0,0,0
6/18/20,Twelve,Initial,,,,,87,4,,,10,1,1,IP,R017A,,,,,,,102,T,R017A/2(16),GMY,G,G,G,0,1,8,1,1,1,0,0,0,0,0,0,0,0,0,0,0,0,0,0
9/12/20,Twelve,Final,,,0,0,16,15,,,10,1,1,IP,R017A,4,1,1,,2.762,,103,T,R017A/2(16),GBG,G,G,G,0,4,11,5,7,2,0,0,0,0,0,0,0,0,0,0,0,0,0,0
6/18/20,Twelve,Initial,,,,,87,4,,,10,1,1,IP,R017A,,,,,,,103,T,R017A/2(16),GBG,G,G,G,0,2,3,2,2,0,0,0,0,0,0,0,0,0,0,1,0,1,0,0
9/12/20,Twelve,Final,,,0,0,16,15,,,10,1,1,IP,R017A,4,0,1,,,,104,T,R017A/2(16),PGP,G,G,G,0,4,4,4,10,2,0,0,0,0,0,0,0,0,0,0,0,0,0,0
6/18/20,Twelve,Initial,,,,,87,4,,,10,1,1,IP,R017A,,,,,,,104,T,R017A/2(16),PGP,G,G,G,0,4,19,2,4,2,0,0,0,0,0,0,0,0,0,0,0,0,0,0
9/12/20,Twelve,Final,,,0,0,16,15,,,10,1,1,IP,R017A,5,0,1,,,,105,T,R017A/2(16),YBP,G,G,G,0,2,2,2,3,2,0,0,0,0,0,0,0,0,0,0,0,0,0,0
6/18/20,Twelve,Initial,,,,,87,4,,,10,1,1,IP,R017A,,,,,,,105,T,R017A/2(16),YBP,G,G,G,0,1,4,2,2,0,0,0,0,0,0,0,0,0,0,0,0,0,0,0
9/12/20,Twelve,Final,,,0,0,16,15,,,10,1,1,IP,R017A,7,1,1,,2.761,,106,T,R017A/2(16),BWB,G,G,G,0,0,0,7,9,0,0,0,0,0,0,0,0,0,0,0,0,0,0,0
6/18/20,Twelve,Initial,,,,,87,4,,,10,1,1,IP,R017A,,,,,,,106,T,R017A/2(16),BWB,G,G,G,0,2,3,4,4,1,0,0,0,0,0,0,0,0,0,0,0,0,0,0
9/12/20,Twelve,Final,,,0,0,16,15,,,10,1,1,IP,R017A,5,1,1,,,,107,T,R017A/2(16),PWP,G,G,G,0,0,0,2,3,1,0,0,0,0,0,0,0,0,0,0,0,0,0,0
6/18/20,Twelve,Initial,,,,,87,4,,,10,1,1,IP,R017A,,,,,,,107,T,R017A/2(16),PWP,G,G,G,0,5,11,7,11,2,0,0,0,0,0,0,0,0,0,0,0,0,0,0
9/12/20,Twelve,Final,,,0,0,16,15,,,10,1,1,IP,R017A,6,0,1,,,,108,T,R017A/2(16),BYB,G,G,G,0,0,0,1,1,0,0,0,0,0,0,0,0,0,0,0,0,0,0,0
6/18/20,Twelve,Initial,,,,,87,4,,,10,1,1,IP,R017A,,,,,,,108,T,R017A/2(16),BYB,G,G,G,0,2,5,2,2,1,0,0,0,0,0,0,0,0,0,0,0,0,0,0
9/12/20,Twelve,Final,,,0,0,16,15,,,10,1,1,IP,R017A,5,1,1,,,,109,T,R017A/2(16),GMW,G,G,G,0,1,2,1,1,1,0,0,0,0,0,0,0,0,0,0,1,1,0,0
6/18/20,Twelve,Initial,,,,,87,4,,,10,1,1,IP,R017A,,,,,,,109,T,R017A/2(16),GMW,G,G,G,0,2,8,2,8,0,0,0,0,0,0,0,0,0,0,0,0,0,1,0
9/12/20,Twelve,Final,,,0,0,16,15,,,10,1,1,IP,R017A,4,0,1,,,,110,T,R017A/2(16),PBP,G,G,G,0,2,6,3,5,1,0,0,0,0,0,0,0,0,0,0,0,0,0,0
6/18/20,Twelve,Initial,,,,,87,4,,,10,1,1,IP,R017A,,,,,,,110,T,R017A/2(16),PBP,G,G,G,0,2,15,2,4,1,0,0,0,0,0,0,0,0,0,0,0,0,0,0
1/6/20,Twelve,Final,,,0,0,24,69,,,2,1,1,SP,R15,6,1,1,,2.861,,111,U,R15A(118),O,G,G,G,0,0,0,1,1,0,0,0,0,0,0,0,0,0,0,0,0,0,0,0
10/10/19,Twelve,Initial,,,,,139,20,,,9,1,1,SP,R15,,,,,,,111,U,R15A(118),O,G,G,G,0,3,5,0,0,0,1,1,0,0,0,0,0,0,0,0,0,0,1,0
1/6/20,Twelve,Final,,,0,0,24,69,,,2,1,1,SP,R15,6,1,1,,2.791,,112,U,R15A(118),YOY,G,G,G,0,0,0,0,0,0,0,0,0,0,0,1,0,0,0,1,0,1,0,0
10/10/19,Twelve,Initial,,,,,139,20,,,9,1,1,SP,R15,,,,,,,112,U,R15A(118),YOY,G,G,G,0,5,21,0,0,0,1,1,0,0,0,0,0,0,0,0,0,0,0,0
8/28/20,Twelve,Final,1,,0,0,8,17,,,5,1,1,IP,R15,6,1,1,,2.86,,113,V,R15A(118E),white,G,G,G,0,0,0,0,0,0,0,0,0,0,0,0,0,0,0,0,0,0,0,0
6/3/20,Twelve,Initial,,,,,67,1,,,6,1,1,IP,R15,,,,,,,113,V,R15A(118E),white,G,G,G,0,2,9,2,2,0,0,0,0,0,0,0,0,0,0,0,0,0,0,0
8/28/20,Twelve,Final,1,,0,0,8,17,,,5,1,1,IP,R15,5,0,1,,,,114,V,R15A(118E),blue,G,G,G,0,0,0,0,0,0,0,0,0,0,0,1,0,0,0,0,0,0,0,0
6/3/20,Twelve,Initial,,,,,67,1,,,6,1,1,IP,R15,,,,,,,114,V,R15A(118E),blue,G,G,G,0,3,6,1,2,0,0,0,0,0,0,0,0,0,0,0,0,0,0,0
8/28/20,Twelve,Final,1,,0,0,8,17,,,5,1,1,IP,R15,5,1,1,,2.855,,115,V,R15A(118E),yellow,G,G,G,0,0,0,0,0,0,0,0,0,0,0,0,0,0,0,0,0,0,0,0
6/3/20,Twelve,Initial,,,,,67,1,,,6,1,1,IP,R15,,,,,,,115,V,R15A(118E),yellow,G,G,G,0,3,9,4,9,1,0,0,0,0,0,0,0,0,0,0,0,0,0,0
8/28/20,Twelve,Final,1,,0,0,8,17,,,5,1,1,IP,R15,3,1,1,,2.693,,116,V,R15A(118E),yellow-orange,G,G,G,0,0,0,1,1,0,0,0,0,0,0,1,0,0,0,0,0,0,0,0
6/3/20,Twelve,Initial,,,,,67,1,,,6,1,1,IP,R15,,,,,,,116,V,R15A(118E),yellow-orange,G,G,G,0,2,7,1,1,0,0,0,0,0,0,0,0,0,0,0,0,0,0,0
8/28/20,Twelve,Final,1,,0,0,8,17,,,5,1,1,IP,R15,4,0,1,,,,117,V,R15A(118E),blue-orange,G,G,G,0,0,0,0,0,0,0,0,0,0,0,0,0,0,0,0,0,0,0,0
6/3/20,Twelve,Initial,,,,,67,1,,,6,1,1,IP,R15,,,,,,,117,V,R15A(118E),blue-orange,G,G,G,0,0,0,0,0,0,0,0,0,0,0,0,0,0,0,0,0,0,0,0
10/31/20,Twelve,Final,,,0,0,10,19,,,2,1,1,SP,R17,3,1,1,,2.483,,118,W,R17(24B),B,G,G,G,0,0,0,0,0,0,0,0,0,0,0,1,0,0,0,0,0,0,0,0
8/6/20,Twelve,Initial,,,,,68,1,,,6,1,1,SP,R17,,,,,,,118,W,R17(24B),B,G,G,G,0,0,0,0,0,0,0,0,0,0,0,0,0,0,0,0,0,0,0,0
10/31/20,Twelve,Final,,,0,0,10,19,,,2,1,1,SP,R17,6,1,1,,2.821,,119,W,R17(24B),Y,G,G,G,0,0,0,0,0,0,0,0,0,0,0,0,1,1,0,0,0,0,0,0
8/6/20,Twelve,Initial,,,,,68,1,,,6,1,1,SP,R17,,,,,,,119,W,R17(24B),Y,G,G,G,0,1,2,0,0,0,0,0,0,0,0,0,0,0,0,0,0,0,0,0
10/31/20,Twelve,Final,,,0,0,10,19,,,2,1,1,SP,R17,,,,,,,120,W,R17(24B),OPO,W,W,W,0,0,0,0,0,0,0,0,0,0,2,1,0,0,0,0,1,1,0,0
8/6/20,Twelve,Initial,,,,,68,1,,,6,1,1,SP,R17,,,,,,,120,W,R17(24B),OPO,W,W,W,0,0,0,0,0,0,0,0,0,0,3,4,0,0,0,1,0,1,0,0
10/31/20,Twelve,Final,,,0,0,10,19,,,2,1,1,SP,R17,,,,,,,121,W,R17(24B),GOG,W,W,W,0,0,0,0,0,0,0,0,0,0,2,0,0,0,0,0,2,2,0,0
8/6/20,Twelve,Initial,,,,,68,1,,,6,1,1,SP,R17,,,,,,,121,W,R17(24B),GOG,W,W,W,0,0,0,0,0,0,1,1,1,0,2,3,0,0,0,0,0,0,0,0
9/18/20,Twelve,Final,,,0,0,11,53,,,7,1,1,IP,R1,3,1,1,,,,122,X,R1G/2 (18B),BOB,G,G,G,0,2,9,0,0,1,0,0,0,0,0,0,0,0,0,1,0,1,0,0
6/23/20,Twelve,Initial,,,,,77,41,,,7,1,1,IP,R1,,,,,,,122,X,R1G/2 (18B),BOB,G,G,G,0,2,3,1,1,0,0,0,0,0,0,0,0,0,0,0,0,0,0,0
9/18/20,Twelve,Final,,,0,0,11,53,,,7,1,1,IP,R1,5,1,1,,,,123,X,R1G/2 (18B),BYB,G,G,G,0,1,9,0,0,0,0,0,0,0,0,0,0,0,0,1,0,1,0,0
6/23/20,Twelve,Initial,,,,,77,41,,,7,1,1,IP,R1,,,,,,,123,X,R1G/2 (18B),BYB,G,G,G,0,1,5,0,0,1,0,0,0,0,0,0,0,0,0,0,0,0,0,0
9/18/20,Twelve,Final,,,0,0,11,53,,,7,1,1,IP,R1,5,1,1,,2.736,,124,X,R1G/2 (18B),BGB,G,G,G,0,1,5,0,0,0,0,0,0,0,0,0,0,0,0,0,0,0,0,0
6/23/20,Twelve,Initial,,,,,77,41,,,7,1,1,IP,R1,,,,,,,124,X,R1G/2 (18B),BGB,G,G,G,0,4,15,0,0,0,0,0,0,0,0,0,0,0,0,0,0,0,0,0
9/18/20,Twelve,Final,,,0,0,11,53,,,7,1,1,IP,R1,6,1,1,,,,125,X,R1G/2 (18B),GBG,G,G,G,0,1,1,0,0,0,0,0,0,0,0,0,0,0,0,0,0,0,0,0
6/23/20,Twelve,Initial,,,,,77,41,,,7,1,1,IP,R1,,,,,,,125,X,R1G/2 (18B),GBG,G,G,G,0,2,6,1,1,0,0,0,0,0,0,0,0,0,0,1,0,1,0,0
9/18/20,Twelve,Final,,,0,0,11,53,,,7,1,1,IP,R1,5,0,1,,,,126,X,R1G/2 (18B),YBY,G,G,G,0,1,3,0,0,1,0,0,0,0,0,0,0,0,4,0,0,4,0,0
6/23/20,Twelve,Initial,,,,,77,41,,,7,1,1,IP,R1,,,,,,,126,X,R1G/2 (18B),YBY,G,G,G,0,3,19,0,0,0,1,1,0,0,0,0,0,0,0,0,0,0,0,0
9/18/20,Twelve,Final,,,0,0,11,53,,,7,1,1,IP,R1,6,1,1,,2.98,,127,X,R1G/2 (18B),BYG,G,G,G,0,2,15,1,1,0,0,0,0,0,0,0,0,0,2,0,0,2,0,0
6/23/20,Twelve,Initial,,,,,77,41,,,7,1,1,IP,R1,,,,,,,127,X,R1G/2 (18B),BYG,G,G,G,0,3,6,0,0,0,0,0,0,0,0,0,0,0,0,0,0,0,0,0
9/18/20,Twelve,Final,,,0,0,11,53,,,7,1,1,IP,R1,5,1,1,,,,128,X,R1G/2 (18B),YOY,G,G,G,0,2,6,0,0,0,0,0,0,0,0,0,0,0,2,1,0,2,0,0
6/23/20,Twelve,Initial,,,,,77,41,,,7,1,1,IP,R1,,,,,,,128,X,R1G/2 (18B),YOY,G,G,G,0,5,11,1,1,0,0,0,0,0,0,0,0,0,0,0,0,0,0,0
10/2/20,Twelve,Final,,,0,0,20,65,,,2,1,1,SP,R1,5,1,1,,2.672,,129,Y,R1Q(2),GWG,G,G,G,0,0,0,0,0,0,0,0,0,0,0,0,0,0,0,0,0,0,0,0
7/8/20,Twelve,Initial,,,,,86,24,,,11,1,1,SP,R1,,,,,,,129,Y,R1Q(2),GWG,G,G,G,0,3,6,2,2,0,0,0,0,0,0,0,0,0,0,0,0,0,2,0
10/2/20,Twelve,Final,,,0,0,20,65,,,2,1,1,SP,R1,9,1,1,,2.781,,130,Y,R1Q(2),GOG,G,G,G,0,0,0,0,0,0,0,0,0,0,0,1,0,0,1,0,0,1,0,0
7/8/20,Twelve,Initial,,,,,86,24,,,11,1,1,SP,R1,,,,,,,130,Y,R1Q(2),GOG,G,G,G,0,3,7,2,2,1,0,0,0,0,0,0,0,0,0,1,0,1,0,0
3/18/21,Eighteen,Initial,,,,,104,56,,,9,1,0,SP,R22,,,,,,,131,Z,R22G/1(49B),OWO,G,G,RG,1,1,1,1,1,0,0,0,0,0,0,1,0,0,0,1,0,1,0,0
6/10/21,Eighteen,Final,1,,1,,6,61,3,0,0,0,0,SP,R22,0,1,0,,2.526,,131,Z,R22G/1(49B),OWO,unclear,RG,RG,1,0,0,0,0,0,0,0,0,0,0,0,0,0,0,1,0,1,0,0
12/31/19,Twelve,Final,,,0,0,12,9,,,8,1,1,IP,R22,5,1,1,,,,132,AA,R22G/1(49E),GOG,G,G,G,0,9,188,9,24,0,0,0,0,0,0,0,0,0,0,0,0,0,0,0
10/4/19,Twelve,Initial,,,,,60,7,,,8,1,1,IP,R22,,,,,,,132,AA,R22G/1(49E),GOG,G,G,G,0,4,11,1,1,0,0,0,0,0,0,0,0,0,0,1,0,1,0,0
12/31/19,Twelve,Final,,,0,0,12,9,,,8,1,1,IP,R22,,,,,,,133,AA,R22G/1(49E),BW,G,G,G,0,12,116,6,8,5,0,0,0,0,0,0,0,0,0,0,0,0,0,0
10/4/19,Twelve,Initial,,,,,60,7,,,8,1,1,IP,R22,,,,,,,133,AA,R22G/1(49E),BW,G,G,G,0,5,39,3,3,0,0,0,0,0,0,0,0,0,0,0,0,0,0,0
12/31/19,Twelve,Final,,,0,0,12,9,,,8,1,1,IP,R22,,,,,,,134,AA,R22G/1(49E),GPG,G,G,G,0,11,108,2,3,2,0,0,0,0,0,0,0,0,0,0,1,1,0,0
10/4/19,Twelve,Initial,,,,,60,7,,,8,1,1,IP,R22,,,,,,,134,AA,R22G/1(49E),GPG,G,G,G,0,5,16,1,1,1,0,0,0,0,1,0,0,0,0,0,0,0,0,0
12/31/19,Twelve,Final,,,0,0,12,9,,,8,1,1,IP,R22,,,,,,,135,AA,R22G/1(49E),OGO,G,G,G,0,11,107,2,2,4,0,0,0,0,0,0,0,0,0,0,0,0,0,0
10/4/19,Twelve,Initial,,,,,60,7,,,8,1,1,IP,R22,,,,,,,135,AA,R22G/1(49E),OGO,G,G,G,0,1,3,0,0,0,1,3,0,0,0,0,0,0,0,0,0,0,1,0
12/31/19,Twelve,Final,,,0,0,12,9,,,8,1,1,IP,R22,5,1,1,,,,136,AA,R22G/1(49E),G,G,G,G,0,8,66,2,2,4,0,0,0,0,0,0,0,0,0,1,1,1,0,0
10/4/19,Twelve,Initial,,,,,60,7,,,8,1,1,IP,R22,,,,,,,136,AA,R22G/1(49E),G,G,G,G,0,4,38,0,0,0,0,0,0,0,0,0,0,0,0,0,0,0,0,0
12/31/19,Twelve,Final,,,0,0,12,9,,,8,1,1,IP,R22,,,,,,,137,AA,R22G/1(49E),OB,G,G,G,0,13,121,4,4,3,0,0,0,0,0,1,0,0,1,0,0,1,0,0
10/4/19,Twelve,Initial,,,,,60,7,,,8,1,1,IP,R22,,,,,,,137,AA,R22G/1(49E),OB,G,G,G,0,5,21,4,9,0,2,2,0,0,0,0,0,0,0,0,0,0,0,0
12/31/19,Twelve,Final,,,0,0,12,9,,,8,1,1,IP,R22,,,,,,,138,AA,R22G/1(49E),YGY,G,G,G,0,12,202,8,20,2,0,0,0,0,0,0,0,0,0,0,0,0,0,0
10/4/19,Twelve,Initial,,,,,60,7,,,8,1,1,IP,R22,,,,,,,138,AA,R22G/1(49E),YGY,G,G,G,0,7,68,3,7,1,1,1,0,0,0,0,0,0,0,0,0,0,0,0
12/31/19,Twelve,Final,,,0,0,12,9,,,8,1,1,IP,R22,,,,,,,139,AA,R22G/1(49E),BOB,G,G,G,0,9,54,3,3,3,0,0,0,0,0,0,0,0,0,0,0,0,0,0
10/4/19,Twelve,Initial,,,,,60,7,,,8,1,1,IP,R22,,,,,,,139,AA,R22G/1(49E),BOB,G,G,G,0,2,7,1,2,0,1,2,0,0,1,0,0,0,1,0,0,1,0,0
7/7/21,Eighteen,Final,1,,1,1,14,28,38,0,7,1,1,IP,R3,3,1,1,0,2.913,,140,AB,R3BA(3),OWO,G,G,G,0,8,61,0,0,0,0,0,0,0,0,0,0,0,0,0,0,0,0,0
4/14/21,Eighteen,Initial,,,,,115,31,,,12,1,1,IP,R3,,,,,,,140,AB,R3BA(3),OWO,G,G,G,0,0,0,0,0,0,0,0,0,0,0,0,0,0,0,0,0,0,0,0
4/14/21,Eighteen,Initial,,,,,115,31,,,12,1,1,IP,R3,,,,,,,141,AB,R3BA(3),BGB,G,G,RG,1,0,0,0,0,0,0,0,0,0,0,0,0,0,0,0,0,0,0,0
7/7/21,Eighteen,Final,1,,1,1,14,28,38,0,7,1,1,IP,R3,1,1,1,1,2.596,,141,AB,R3BA(3),BGB,RG,RG,RG,1,0,0,0,0,0,0,0,0,0,0,0,0,0,0,0,0,0,0,0
4/14/21,Eighteen,Initial,,,,,115,31,,,12,1,1,IP,R3,,,,,,,142,AB,R3BA(3),GWG,G,G,RG,1,0,0,0,0,0,0,0,0,0,0,0,0,0,0,0,0,0,0,0
7/7/21,Eighteen,Final,1,,1,1,14,28,38,0,7,1,1,IP,R3,0,1,1,0,2.54,,142,AB,R3BA(3),GWG,RG,RG,RG,1,0,0,0,0,0,0,0,0,0,1,0,0,0,0,0,0,0,2,0
7/7/21,Eighteen,Final,1,,1,1,14,28,38,0,7,1,1,IP,R3,3,1,1,0,2.701,,143,AB,R3BA(3),WOW,G,G,G,0,11,107,1,1,0,0,0,0,0,0,0,0,0,0,0,0,0,0,0
4/14/21,Eighteen,Initial,,,,,115,31,,,12,1,1,IP,R3,,,,,,,143,AB,R3BA(3),WOW,G,G,G,0,1,5,1,1,0,0,0,0,0,0,0,0,0,0,0,0,0,0,0
4/14/21,Eighteen,Initial,,,,,115,31,,,12,1,1,IP,R3,,,,,,,144,AB,R3BA(3),WPW,G,G,RG,1,1,2,0,0,0,0,0,0,0,0,0,0,0,0,0,0,0,0,0
7/7/21,Eighteen,Final,1,,1,1,14,28,38,0,7,1,1,IP,R3,0,0,1,1,2.627,,144,AB,R3BA(3),WPW,RG,RG,RG,1,0,0,0,0,0,0,0,0,0,0,0,0,0,0,0,0,0,4,0
7/7/21,Eighteen,Final,1,,1,1,14,28,38,0,7,1,1,IP,R3,4,1,1,0,2.821,,145,AB,R3BA(3),GBG,G,G,G,0,9,108,0,0,0,0,0,0,0,0,0,0,0,0,0,0,0,0,0
4/14/21,Eighteen,Initial,,,,,115,31,,,12,1,1,IP,R3,,,,,,,145,AB,R3BA(3),GBG,G,G,G,0,0,0,0,0,0,0,0,0,0,0,0,0,0,0,0,0,0,0,0
7/7/21,Eighteen,Final,1,,1,1,14,28,38,0,7,1,1,IP,R3,1,0,1,,2.512,,146,AB,R3BA(3),BPB,G,G,G,0,11,116,0,0,0,0,0,0,0,0,1,0,0,0,0,0,0,0,0
4/14/21,Eighteen,Initial,,,,,115,31,,,12,1,1,IP,R3,,,,,,,146,AB,R3BA(3),BPB,G,G,G,0,1,6,0,0,0,0,0,0,0,0,0,0,0,0,0,0,0,0,0
7/7/21,Eighteen,Final,1,,1,1,14,28,38,0,7,1,1,IP,R3,0,1,1,1,2.515,,147,AB,R3BA(3),PBP,G,G,G,0,13,212,0,0,1,0,0,0,0,0,1,0,0,0,0,0,0,0,0
4/14/21,Eighteen,Initial,,,,,115,31,,,12,1,1,IP,R3,,,,,,,147,AB,R3BA(3),PBP,G,G,G,0,2,14,0,0,0,1,3,0,0,0,0,0,0,0,1,0,1,0,0
7/7/21,Eighteen,Final,1,,1,1,14,28,38,0,7,1,1,IP,R3,4,1,1,0,2.94,,148,AB,R3BA(3),WGW,G,G,G,0,10,141,2,2,0,0,0,0,0,1,0,0,0,0,0,0,0,0,0
4/14/21,Eighteen,Initial,,,,,115,31,,,12,1,1,IP,R3,,,,,,,148,AB,R3BA(3),WGW,G,G,G,0,0,0,0,0,0,0,0,0,0,0,0,0,0,0,0,0,0,0,0
7/7/21,Eighteen,Final,1,,1,1,14,28,38,0,7,1,1,IP,R3,4,1,1,0,2.829,,149,AB,R3BA(3),GOG,G,G,G,0,9,82,0,0,0,0,0,0,0,0,0,0,0,0,0,0,0,0,0
4/14/21,Eighteen,Initial,,,,,115,31,,,12,1,1,IP,R3,,,,,,,149,AB,R3BA(3),GOG,G,G,G,0,1,3,0,0,0,1,2,0,0,0,0,0,0,0,0,0,0,0,0
4/14/21,Eighteen,Initial,,,,,115,31,,,12,1,1,IP,R3,,,,,,,150,AB,R3BA(3),BOB,G,G,RG,1,1,2,0,0,0,0,0,0,0,0,0,0,0,0,0,0,0,0,0
7/7/21,Eighteen,Final,1,,1,0,14,28,38,0,7,1,1,IP,R3,0,1,1,1,2.403,,150,AB,R3BA(3),BOB,RG,RG,RG,1,0,0,0,0,0,0,0,0,0,0,1,0,0,0,0,0,0,0,0
7/7/21,Eighteen,Final,1,OBO is a worker at this time,1,0,14,28,38,0,7,1,1,IP,R3,0,0,0,0,2.5,,151,AB,R3BA(3),OBO,W,W,W,0,0,0,0,0,0,0,0,0,0,0,0,0,0,0,0,0,0,0,0
4/14/21,Eighteen,Initial,,,,,115,31,,,12,1,1,IP,R3,,,,,,,151,AB,R3BA(3),OBO,W,W,W,0,0,0,2,2,0,0,0,0,0,0,0,0,0,0,0,1,1,4,0
4/14/22,Eighteen,Final,,,0,1,25,0,69,1,2,1,1,SP,R3,7,1,1,0,,,152,AC,R3BA3A,YOY,G,G,G,0,3,5,0,0,3,0,0,0,0,0,0,0,0,0,0,0,0,0,0
1/20/22,Eighteen,Initial,,,,,94,0,,,10,1,1,SP,R3,,,,,,,152,AC,R3BA3A,YOY,G,G,G,0,11,185,2,4,0,0,0,0,0,0,0,0,0,0,0,0,0,5,0
4/14/22,Eighteen,Final,,,0,1,25,0,69,1,2,1,1,SP,R3,6,1,1,0,2.354,,153,AC,R3BA3A,BYO,G,G,G,0,3,19,3,4,0,0,0,0,0,0,0,0,0,0,0,0,0,0,0
1/20/22,Eighteen,Initial,,,,,94,0,,,10,1,1,SP,R3,,,,,,,153,AC,R3BA3A,BYO,G,G,G,0,10,127,1,1,0,0,0,0,0,0,1,0,0,0,0,0,0,3,0
1/5/20,Twelve,Final,,,0,0,8,31,,,5,1,1,IP,R4,4,1,1,,,,154,AD,R4A(83),P,G,G,G,0,0,0,0,0,0,0,0,0,0,0,0,0,0,5,0,0,5,0,0
10/9/19,Twelve,Initial,,,,,84,1,,,5,1,1,IP,R4,,,,,,,154,AD,R4A(83),P,G,G,G,0,2,5,0,0,0,0,0,0,0,0,0,0,0,0,0,0,0,0,0
1/5/20,Twelve,Final,,,0,0,8,31,,,5,1,1,IP,R4,,,,,,,155,AD,R4A(83),W,G,G,G,0,0,0,0,0,0,0,0,0,0,0,0,0,0,0,0,0,0,0,0
10/9/19,Twelve,Initial,,,,,84,1,,,5,1,1,IP,R4,,,,,,,155,AD,R4A(83),W,G,G,G,0,3,5,1,1,0,0,0,0,0,0,0,0,0,0,0,0,0,0,0
1/5/20,Twelve,Final,,,0,0,8,31,,,5,1,1,IP,R4,,,,,,,156,AD,R4A(83),O,G,G,G,0,0,0,0,0,0,0,0,0,0,0,0,0,0,0,1,0,1,0,0
10/9/19,Twelve,Initial,,,,,84,1,,,5,1,1,IP,R4,,,,,,,156,AD,R4A(83),O,G,G,G,0,4,23,0,0,0,1,3,0,0,0,0,0,0,0,1,0,1,0,0
1/5/20,Twelve,Final,,,0,0,8,31,,,5,1,1,IP,R4,,,,,,,157,AD,R4A(83),G,W,W,W,0,0,0,0,0,0,0,0,0,0,0,0,0,0,1,4,0,5,1,0
10/9/19,Twelve,Initial,,,,,84,1,,,5,1,1,IP,R4,,,,,,,157,AD,R4A(83),G,W,W,W,0,0,0,0,0,0,0,0,0,0,0,1,1,3,1,2,0,3,0,0
1/5/20,Twelve,Final,,,0,0,8,31,,,5,1,1,IP,R4,6,1,1,,2.727,,158,AD,R4A(83),Y,G,G,G,0,0,0,0,0,0,0,0,0,0,0,0,0,0,0,0,0,0,0,0
10/9/19,Twelve,Initial,,,,,84,1,,,5,1,1,IP,R4,,,,,,,158,AD,R4A(83),Y,G,G,G,0,2,11,0,0,0,0,0,0,0,0,2,0,0,0,0,0,0,1,0
1/5/20,Twelve,Final,,,0,0,8,31,,,5,1,1,IP,R4,3,1,1,,2.811,,159,AD,R4A(83),WPW,G,G,G,0,0,0,0,0,0,0,0,0,0,0,0,0,0,1,0,0,1,0,0
10/9/19,Twelve,Initial,,,,,84,1,,,5,1,1,IP,R4,,,,,,,159,AD,R4A(83),WPW,G,G,G,0,3,8,0,0,0,0,0,0,0,0,0,0,0,0,0,0,0,0,0
3/9/20,Twelve,Final,1,,0,1,22,40,,,2,1,1,SP,R4,,,,,2.84,,160,AE,R4A(83)B,PWB,G,G,G,0,2,16,2,2,0,1,1,0,0,0,0,0,0,0,1,0,1,0,0
12/17/19,Twelve,Initial,,,,,127,11,,,7,1,1,SP,R4,,,,,,,160,AE,R4A(83)B,PWB,G,G,G,0,1,1,0,1,1,0,0,0,0,0,0,0,0,0,1,0,1,0,0
3/9/20,Twelve,Final,1,,0,1,22,40,,,2,1,1,SP,R4,,,,,2.72,,161,AE,R4A(83)B,BPW,G,G,G,0,1,1,0,0,2,0,0,0,0,0,0,0,0,1,0,0,1,0,0
12/17/19,Twelve,Initial,,,,,127,11,,,7,1,1,SP,R4,,,,,,,161,AE,R4A(83)B,BPW,G,G,G,0,2,9,0,0,0,0,0,0,0,0,0,0,0,0,0,0,0,0,0
3/9/20,Twelve,Final,1,,0,1,22,40,,,2,1,1,SP,R4,,,,,,,162,AE,R4A(83)B,Y,NG2,NG,NG,1,6,42,2,2,0,0,0,0,0,0,0,0,0,0,0,0,0,0,0
12/17/19,Twelve,Initial,,,,,127,11,,,7,1,1,SP,R4,,,,,,,162,AE,R4A(83)B,Y,W,W,NG,1,0,0,0,0,0,0,0,0,0,0,0,0,0,0,0,0,0,0,0
3/9/20,Twelve,Final,1,,0,1,22,40,,,2,1,1,SP,R4,,,,,,,163,AE,R4A(83)B,O,NG2,NG,NG,1,4,25,0,0,0,0,0,0,0,0,0,0,0,0,1,0,1,0,0
12/17/19,Twelve,Initial,,,,,127,11,,,7,1,1,SP,R4,,,,,,,163,AE,R4A(83)B,O,W,W,NG,1,0,0,0,0,0,0,0,0,0,0,0,0,0,0,0,0,0,0,0
3/9/20,Twelve,Final,1,,0,1,22,40,,,2,1,1,SP,R4,,,,,,,164,AE,R4A(83)B,G,NG2,NG,NG,1,7,38,2,2,0,0,0,0,0,0,0,0,0,0,0,0,0,0,0
12/17/19,Twelve,Initial,,,,,127,11,,,7,1,1,SP,R4,,,,,,,164,AE,R4A(83)B,G,W,W,NG,1,0,0,0,0,0,0,0,0,0,0,0,0,0,0,0,0,0,0,0
3/9/20,Twelve,Final,1,,0,1,22,40,,,2,1,1,SP,R4,,,,,,,165,AE,R4A(83)B,WBP,W,W,W,0,0,0,1,1,0,0,0,0,0,0,1,0,0,0,0,0,0,9,0
12/17/19,Twelve,Initial,,,,,127,11,,,7,1,1,SP,R4,,,,,,,165,AE,R4A(83)B,WBP,W,W,W,0,0,0,0,0,0,0,0,0,0,0,0,0,0,0,0,0,0,14,0
3/9/20,Twelve,Final,1,,0,1,22,40,,,2,1,1,SP,R4,,,,,,,166,AE,R4A(83)B,B,W,W,W,0,0,0,0,0,1,0,0,0,0,0,0,1,1,0,0,0,0,8,0
12/17/19,Twelve,Initial,,,,,127,11,,,7,1,1,SP,R4,,,,,,,166,AE,R4A(83)B,B,W,W,W,0,0,0,0,0,0,0,0,0,0,0,0,0,0,0,0,0,0,0,0
6/8/21,Eighteen,Final,,,1,0,16,19,101,3,9,1,1,IP,R5,5,1,1,0,2.544,,167,AF,R5(117C),BYB,G,G,G,0,0,0,0,0,0,0,0,0,0,0,0,0,0,0,0,0,0,0,0
3/16/21,Eighteen,Initial,,,,,92,21,,,10,1,1,IP,R5,,,,,,,167,AF,R5(117C),BYB,G,G,G,0,1,2,0,0,0,0,0,0,0,0,0,0,0,0,1,0,1,0,0
6/8/21,Eighteen,Final,,,1,0,16,19,101,3,9,1,1,IP,R5,2,1,1,0,2.632,,168,AF,R5(117C),GWG,G,G,G,0,0,0,0,0,0,0,0,0,0,1,0,1,1,2,2,0,4,0,0
3/16/21,Eighteen,Initial,,,,,92,21,,,10,1,1,IP,R5,,,,,,,168,AF,R5(117C),GWG,G,G,G,0,1,4,0,0,0,0,0,0,0,0,0,0,0,0,0,0,0,0,0
6/8/21,Eighteen,Final,,,1,0,16,19,101,3,9,1,1,IP,R5,4,1,1,0,2.646,,169,AF,R5(117C),OYO,G,G,G,0,0,0,1,1,0,0,0,0,0,0,0,0,0,0,0,0,0,0,0
3/16/21,Eighteen,Initial,,,,,92,21,,,10,1,1,IP,R5,,,,,,,169,AF,R5(117C),OYO,G,G,G,0,0,0,0,0,0,0,0,0,0,0,0,0,0,0,0,0,0,0,0
6/8/21,Eighteen,Final,,,1,0,16,19,101,3,9,1,1,IP,R5,3,1,1,0,2.528,,170,AF,R5(117C),YOY,G,G,G,0,0,0,0,0,0,0,0,0,0,0,0,0,0,0,1,2,2,0,0
3/16/21,Eighteen,Initial,,,,,92,21,,,10,1,1,IP,R5,,,,,,,170,AF,R5(117C),YOY,G,G,G,0,0,0,0,0,0,0,0,0,0,0,0,0,0,0,0,0,0,0,0
6/8/21,Eighteen,Final,,,1,0,16,19,101,3,9,1,1,IP,R5,5,1,1,0,2.642,,171,AF,R5(117C),WP,G,G,G,0,0,0,0,0,1,0,0,0,0,0,0,0,0,0,2,0,2,0,0
3/16/21,Eighteen,Initial,,,,,92,21,,,10,1,1,IP,R5,,,,,,,171,AF,R5(117C),WP,G,G,G,0,1,2,0,0,0,0,0,0,0,0,0,0,0,0,0,0,0,0,0
6/8/21,Eighteen,Final,,,1,0,16,19,101,3,9,1,1,IP,R5,4,0,1,0,2.388,,172,AF,R5(117C),WGW,G,G,G,0,0,0,0,0,0,0,0,0,0,0,0,1,1,0,0,0,0,0,0
3/16/21,Eighteen,Initial,,,,,92,21,,,10,1,1,IP,R5,,,,,,,172,AF,R5(117C),WGW,G,G,G,0,1,7,0,0,0,1,3,0,0,0,0,1,1,0,3,0,3,0,0
6/8/21,Eighteen,Final,,,1,0,16,19,101,3,9,1,1,IP,R5,5,1,1,0,2.694,,173,AF,R5(117C),PYP,G,G,G,0,0,0,0,0,1,0,0,0,0,0,0,0,0,0,1,0,1,0,0
3/16/21,Eighteen,Initial,,,,,92,21,,,10,1,1,IP,R5,,,,,,,173,AF,R5(117C),PYP,G,G,G,0,0,0,0,0,0,0,0,0,0,0,0,0,0,0,0,0,0,0,0
6/8/21,Eighteen,Final,,,1,0,16,19,101,3,9,1,1,IP,R5,5,1,1,0,2.47,,174,AF,R5(117C),ORANGE,G,G,G,0,0,0,1,2,0,0,0,0,0,0,0,0,0,0,0,0,0,0,0
3/16/21,Eighteen,Initial,,,,,92,21,,,10,1,1,IP,R5,,,,,,,174,AF,R5(117C),ORANGE,G,G,G,0,0,0,0,0,0,0,0,0,0,0,0,0,0,0,0,0,0,0,0
6/8/21,Eighteen,Final,,,1,0,16,19,101,3,9,1,1,IP,R5,4,1,1,0,2.589,,175,AF,R5(117C),GBG,G,G,G,0,0,0,3,6,0,0,0,0,0,3,0,0,0,0,0,0,0,0,0
3/16/21,Eighteen,Initial,,,,,92,21,,,10,1,1,IP,R5,,,,,,,175,AF,R5(117C),GBG,G,G,G,0,0,0,0,0,0,2,11,0,0,0,0,0,0,0,0,0,0,0,0
3/16/21,Eighteen,Initial,,,,,92,21,,,10,1,1,IP,R5,,,,,,,176,AF,R5(117C),OGO,G,G,RG,1,0,0,1,2,0,1,6,0,0,0,0,0,0,1,1,0,2,0,0
6/8/21,Eighteen,Final,,,1,0,16,19,101,3,9,1,1,IP,R5,0,1,1,0,2.448,,176,AF,R5(117C),OGO,RG,RG,RG,1,0,0,0,0,2,0,0,0,0,1,2,0,0,1,1,0,2,2,0
4/22/21,Eighteen,Final,,,0,0,25,45,37,12,2,1,1,SP,109,4,0,1,,2.489,,177,AG,RGB(109),YGY,G,G,G,0,0,0,0,0,0,0,0,0,0,0,0,0,0,0,0,0,0,0,0
1/28/21,Eighteen,Initial,,,,,98,2,,,8,1,1,SP,109,,,,,,,177,AG,RGB(109),YGY,G,G,G,0,1,10,0,0,0,0,0,0,0,1,0,0,0,0,0,0,0,0,0
4/22/21,Eighteen,Final,,,0,0,25,45,37,12,2,1,1,SP,109,6,1,1,,2.57,,178,AG,RGB(109),GOG,G,G,G,0,0,0,0,0,0,0,0,0,0,0,0,0,0,0,0,0,0,0,0
1/28/21,Eighteen,Initial,,,,,98,2,,,8,1,1,SP,109,,,,,,,178,AG,RGB(109),GOG,G,G,G,0,2,4,0,0,0,0,0,0,0,1,0,0,0,0,0,0,0,0,0
10/31/20,Twelve,Final,,,0,0,8,9,,,5,1,1,IP,109,5,1,1,,,,179,AH,RGB(109B),POP,G,G,G,0,0,0,0,0,0,0,0,0,0,0,0,0,0,0,1,0,1,0,0
8/6/20,Twelve,Initial,,,,,66,5,,,5,1,1,IP,109,,,,,,,179,AH,RGB(109B),POP,G,G,G,0,5,36,5,9,0,0,0,0,0,0,0,0,0,0,0,0,0,1,0
10/31/20,Twelve,Final,,,0,0,8,9,,,5,1,1,IP,109,6,0,1,,2.863,,180,AH,RGB(109B),YPY,G,G,G,0,0,0,0,0,0,0,0,0,0,0,0,0,0,0,0,0,0,0,0
8/6/20,Twelve,Initial,,,,,66,5,,,5,1,1,IP,109,,,,,,,180,AH,RGB(109B),YPY,G,G,G,0,5,22,2,3,2,0,0,0,0,0,0,0,0,0,0,0,0,1,0
10/31/20,Twelve,Final,,,0,0,8,9,,,5,1,1,IP,109,5,0,1,,,,181,AH,RGB(109B),PYP,G,G,G,0,0,0,0,0,0,0,0,0,0,0,0,0,0,0,5,0,5,0,0
8/6/20,Twelve,Initial,,,,,66,5,,,5,1,1,IP,109,,,,,,,181,AH,RGB(109B),PYP,G,G,G,0,5,26,4,7,1,0,0,0,0,0,0,0,0,0,0,0,0,0,0
10/31/20,Twelve,Final,,,0,0,8,9,,,5,1,1,IP,109,4,1,1,,2.825,,182,AH,RGB(109B),MGO(-/BLU),G,G,G,0,0,0,0,0,0,0,0,0,0,0,1,0,0,0,0,0,0,0,0
8/6/20,Twelve,Initial,,,,,66,5,,,5,1,1,IP,109,,,,,,,182,AH,RGB(109B),MGO(-/BLU),G,G,G,0,1,3,0,0,0,0,0,0,0,0,0,0,0,0,0,1,1,0,0
10/31/20,Twelve,Final,,,0,0,8,9,,,5,1,1,IP,109,6,1,1,,,,183,AH,RGB(109B),OYO,G,G,G,0,0,0,0,0,0,0,0,0,0,1,0,0,0,1,4,1,5,0,0
8/6/20,Twelve,Initial,,,,,66,5,,,5,1,1,IP,109,,,,,,,183,AH,RGB(109B),OYO,G,G,G,0,6,29,1,1,1,0,0,0,0,0,0,0,0,1,0,0,1,0,0
10/31/20,Twelve,Final,,,0,0,8,9,,,5,1,1,IP,109,,,,,,,184,AH,RGB(109B),OPO,W,W,W,0,0,0,0,0,0,0,0,0,0,1,0,0,0,2,4,0,6,4,0
8/6/20,Twelve,Initial,,,,,66,5,,,5,1,1,IP,109,,,,,,,184,AH,RGB(109B),OPO,W,W,W,0,0,0,0,0,0,0,0,0,0,0,2,0,0,2,1,0,2,1,0
9/12/20,Twelve,Final,,,0,0,5,51,,,1,0,0,SP,RL86BI2,11,0,1,,2.848,,185,AI,RL8.6B1(112B),YO,G,G,G,0,0,0,0,0,0,0,0,0,0,0,1,0,0,1,0,0,1,0,0
6/18/20,Twelve,Initial,,,,,76,7,,,6,1,0,SP,RL86BI2,,,,,,,185,AI,RL8.6B1(112B),YO,G,G,G,0,2,25,2,2,0,0,0,0,0,0,0,0,0,0,0,1,1,0,0
9/12/20,Twelve,Final,,,0,0,5,51,,,1,0,0,SP,RL86BI2,,,,,,,186,AI,RL8.6B1(112B),B,W,W,W,0,0,0,0,0,0,0,0,0,0,0,0,0,0,0,5,3,6,2,0
6/18/20,Twelve,Initial,,,,,76,7,,,6,1,0,SP,RL86BI2,,,,,,,186,AI,RL8.6B1(112B),B,W,W,W,0,0,0,0,0,0,0,0,0,0,0,0,1,2,1,0,0,1,6,0
4/14/22,Eighteen,Final,1,,1,1,22,9,136,5,13,1,1,IP,RL86BI,,,,,,,187,AJ,RL86B1(112C),OYO,G,G,G,0,3,6,2,3,0,0,0,0,0,0,0,0,0,0,0,0,0,1,0
1/20/22,Eighteen,Initial,,,,,91,20,,,15,1,1,IP,RL86BI,,,,,,,187,AJ,RL86B1(112C),OYO,G,G,G,0,5,72,3,4,0,1,2,0,0,0,0,0,0,0,0,0,0,0,0
4/14/22,Eighteen,Final,1,,1,1,22,9,136,5,13,1,1,IP,RL86BI,9,1,1,0,2.609,,188,AJ,RL86B1(112C),BOB,G,G,G,0,2,20,1,1,0,0,0,0,0,0,0,0,0,0,0,0,0,0,0
1/20/22,Eighteen,Initial,,,,,91,20,,,15,1,1,IP,RL86BI,,,,,,,188,AJ,RL86B1(112C),BOB,G,G,G,0,2,5,1,7,0,1,2,0,0,1,0,0,0,0,2,0,2,0,0
4/14/22,Eighteen,Final,1,,1,1,22,9,136,5,13,1,1,IP,RL86BI,8,1,1,0,2.619,,189,AJ,RL86B1(112C),OBO,G,G,G,0,2,5,1,1,0,0,0,0,0,0,0,0,0,0,0,0,0,8,0
1/20/22,Eighteen,Initial,,,,,91,20,,,15,1,1,IP,RL86BI,,,,,,,189,AJ,RL86B1(112C),OBO,G,G,G,0,6,46,0,0,0,0,0,0,0,0,0,0,0,0,0,0,0,13,0
4/14/22,Eighteen,Final,1,,1,1,22,9,136,5,13,1,1,IP,RL86BI,0,1,1,1,2.404,,190,AJ,RL86B1(112C),GOG,G,G,G,0,5,29,0,0,1,2,3,0,0,0,0,0,0,0,0,0,0,0,0
1/20/22,Eighteen,Initial,,,,,91,20,,,15,1,1,IP,RL86BI,,,,,,,190,AJ,RL86B1(112C),GOG,G,G,G,0,5,42,1,1,0,0,0,0,0,1,0,0,0,0,1,0,1,1,0
4/14/22,Eighteen,Final,1,,1,1,22,9,136,5,13,1,1,IP,RL86BI,,,,,,,191,AJ,RL86B1(112C),GB,G,G,G,0,0,0,0,0,0,0,0,0,0,0,3,0,0,0,0,0,0,0,0
1/20/22,Eighteen,Initial,,,,,91,20,,,15,1,1,IP,RL86BI,,,,,,,191,AJ,RL86B1(112C),GB,G,G,G,0,0,0,2,2,0,4,30,0,0,1,2,0,0,0,0,0,0,2,0
4/14/22,Eighteen,Final,1,,1,1,22,9,136,5,13,1,1,IP,RL86BI,,,,,,,192,AJ,RL86B1(112C),OYB,G,G,G,0,0,0,0,0,0,1,9,0,0,0,0,0,0,0,0,0,0,8,0
1/20/22,Eighteen,Initial,,,,,91,20,,,15,1,1,IP,RL86BI,,,,,,,192,AJ,RL86B1(112C),OYB,G,G,G,0,6,14,0,0,1,0,0,0,0,0,0,0,0,0,0,0,0,12,0
4/14/22,Eighteen,Final,1,,1,1,22,9,136,5,13,1,1,IP,RL86BI,6,1,1,0,,,193,AJ,RL86B1(112C),BYB,G,G,G,0,1,11,1,1,0,0,0,0,0,0,0,0,0,0,0,0,0,0,0
1/20/22,Eighteen,Initial,,,,,91,20,,,15,1,1,IP,RL86BI,,,,,,,193,AJ,RL86B1(112C),BYB,G,G,G,0,5,47,1,4,0,0,0,0,0,1,0,0,0,0,0,0,0,0,0
4/14/22,Eighteen,Final,1,,1,1,22,9,136,5,13,1,1,IP,RL86BI,6,1,1,0,2.671,,194,AJ,RL86B1(112C),GYG,G,G,G,0,2,11,0,0,0,0,0,0,0,0,0,0,0,0,0,0,0,0,0
1/20/22,Eighteen,Initial,,,,,91,20,,,15,1,1,IP,RL86BI,,,,,,,194,AJ,RL86B1(112C),GYG,G,G,G,0,3,8,2,2,1,0,0,0,0,0,0,0,0,0,0,0,0,0,0
4/14/22,Eighteen,Final,1,,1,1,22,9,136,5,13,1,1,IP,RL86BI,,,,,,,195,AJ,RL86B1(112C),OGO,G,G,G,0,2,4,0,0,0,0,0,0,0,0,0,0,0,0,0,0,0,0,0
1/20/22,Eighteen,Initial,,,,,91,20,,,15,1,1,IP,RL86BI,,,,,,,195,AJ,RL86B1(112C),OGO,G,G,G,0,2,6,1,3,0,0,0,0,0,0,0,0,0,0,0,0,0,0,0
4/14/22,Eighteen,Final,1,,1,1,22,9,136,5,13,1,1,IP,RL86BI,,,,,,,196,AJ,RL86B1(112C),YOBO,G,G,G,0,1,16,1,1,0,0,0,0,0,0,0,0,0,0,0,0,0,0,0
1/20/22,Eighteen,Initial,,,,,91,20,,,15,1,1,IP,RL86BI,,,,,,,196,AJ,RL86B1(112C),YOBO,G,G,G,0,2,4,0,0,0,0,0,0,0,1,0,0,0,0,1,0,1,1,0
1/20/22,Eighteen,Initial,,,,,91,20,,,15,1,1,IP,RL86BI,,,,,,,197,AJ,RL86B1(112C),YOY,G,G,RG,1,4,58,2,4,0,1,14,0,0,0,0,0,0,0,1,0,1,6,0
4/14/22,Eighteen,Final,1,,1,1,22,9,136,5,13,1,1,IP,RL86BI,1,1,1,1,2.757,,197,AJ,RL86B1(112C),YOY,RG,RG,RG,1,0,0,0,0,0,0,0,0,0,1,1,0,0,0,0,0,0,12,0
11/23/21,Eighteen,Final,,,0,0,19,4,29,8,1,0,0,SP,RO16A/2,12,1,1,0,2.965,,198,AK,RO16A/2(64C),WOW,G,G,G,0,0,0,5,6,1,0,0,0,0,0,1,0,0,0,0,0,0,0,0
8/31/21,Eighteen,Initial,,,,,81,0,,,4,1,0,SP,RO16A/2,,,,,,,198,AK,RO16A/2(64C),WOW,G,G,G,0,4,9,0,0,0,0,0,0,0,0,5,0,0,0,0,0,0,1,0
8/26/20,Twelve,Final,,,0,0,4,26,,,1,0,0,SP,RP5/2,6,1,1,,2.618,,199,AL,RP5/2(1B),WYW,G,G,G,0,0,0,0,0,0,0,0,0,0,0,2,0,0,3,0,0,3,0,0
6/2/20,Twelve,Initial,,,,,85,6,,,9,1,0,SP,RP5/2,,,,,,,199,AL,RP5/2(1B),WYW,G,G,G,0,0,0,0,0,0,0,0,0,0,0,0,0,0,0,0,0,0,1,0
3/10/20,Twelve,Final,,,0,0,23,53,,,2,1,1,SP,S1,5,1,1,,2.695,,200,AM,S1B1/2(77B),GBG,G,G,G,0,0,0,0,0,0,0,0,0,0,0,0,0,0,0,0,0,0,0,0
12/18/19,Twelve,Initial,,,,,92,28,,,5,1,1,SP,S1,,,,,,,200,AM,S1B1/2(77B),GBG,G,G,G,0,3,5,0,0,0,0,0,0,0,0,0,0,0,0,0,0,0,0,0
3/10/20,Twelve,Final,,,0,0,23,53,,,2,1,1,SP,S1,3,0,1,,2.95,,201,AM,S1B1/2(77B),BGW,G,G,G,0,0,0,0,0,0,0,0,0,0,0,0,0,0,0,0,0,0,0,0
12/18/19,Twelve,Initial,,,,,92,28,,,5,1,1,SP,S1,,,,,,,201,AM,S1B1/2(77B),BGW,G,G,G,0,2,3,1,1,0,0,0,0,0,0,0,0,0,0,0,0,0,0,0
4/28/20,Twelve,Final,,,0,0,15,54,,,9,1,1,IP,SAFC 12,4,0,1,,,,202,AN,SAFC 12,WYW,G,G,G,0,0,0,0,0,0,0,0,0,0,0,0,0,0,1,0,0,1,0,0
2/5/20,Twelve,Initial,,,,,90,0,,,9,1,1,IP,SAFC 12,,,,,,,202,AN,SAFC 12,WYW,G,G,G,0,2,5,4,14,0,0,0,0,0,0,0,0,0,0,0,0,0,0,0
4/28/20,Twelve,Final,,,0,0,15,54,,,9,1,1,IP,SAFC 12,6,1,1,,2.937,,203,AN,SAFC 12,GYM,G,G,G,0,1,5,0,0,0,0,0,0,0,0,0,0,0,1,0,0,1,0,0
2/5/20,Twelve,Initial,,,,,90,0,,,9,1,1,IP,SAFC 12,,,,,,,203,AN,SAFC 12,GYM,G,G,G,0,0,0,2,4,0,0,0,0,0,0,0,0,0,0,0,0,0,0,0
4/28/20,Twelve,Final,,,0,0,15,54,,,9,1,1,IP,SAFC 12,4,1,1,,2.7,,204,AN,SAFC 12,YWY,G,G,G,0,0,0,0,0,0,0,0,0,0,0,0,0,0,0,0,0,0,0,0
2/5/20,Twelve,Initial,,,,,90,0,,,9,1,1,IP,SAFC 12,,,,,,,204,AN,SAFC 12,YWY,G,G,G,0,2,15,6,11,0,0,0,0,0,0,0,0,0,0,0,0,0,0,0
4/28/20,Twelve,Final,,,0,0,15,54,,,9,1,1,IP,SAFC 12,4,0,1,,,,205,AN,SAFC 12,GYG,G,G,G,0,0,0,0,0,0,0,0,0,0,0,0,0,0,0,0,0,0,0,0
2/5/20,Twelve,Initial,,,,,90,0,,,9,1,1,IP,SAFC 12,,,,,,,205,AN,SAFC 12,GYG,G,G,G,0,1,2,0,0,0,0,0,0,0,0,0,0,0,0,0,0,0,0,0
4/28/20,Twelve,Final,,,0,0,15,54,,,9,1,1,IP,SAFC 12,,,,,,,206,AN,SAFC 12,YBY,G,G,G,0,0,0,0,0,0,0,0,0,0,0,0,0,0,0,1,0,1,0,0
2/5/20,Twelve,Initial,,,,,90,0,,,9,1,1,IP,SAFC 12,,,,,,,206,AN,SAFC 12,YBY,G,G,G,0,5,20,4,5,1,0,0,0,0,0,0,0,0,0,1,0,1,0,0
4/28/20,Twelve,Final,,,0,0,15,54,,,9,1,1,IP,SAFC 12,,,,,,,207,AN,SAFC 12,PYP,G,G,G,0,1,5,0,0,0,0,0,0,0,0,1,0,0,0,0,0,0,0,0
2/5/20,Twelve,Initial,,,,,90,0,,,9,1,1,IP,SAFC 12,,,,,,,207,AN,SAFC 12,PYP,G,G,G,0,2,3,3,6,1,0,0,0,0,0,1,0,0,0,0,0,0,0,0
4/28/20,Twelve,Final,,,0,0,15,54,,,9,1,1,IP,SAFC 12,4,1,1,,2.917,,208,AN,SAFC 12,YGY,G,G,G,0,0,0,0,0,0,0,0,0,0,0,1,0,0,0,0,0,0,0,0
2/5/20,Twelve,Initial,,,,,90,0,,,9,1,1,IP,SAFC 12,,,,,,,208,AN,SAFC 12,YGY,G,G,G,0,1,1,2,2,0,0,0,0,0,0,1,1,1,0,0,0,0,0,0
4/28/20,Twelve,Final,,,0,0,15,54,,,9,1,1,IP,SAFC 12,5,1,1,,,,209,AN,SAFC 12,BYB,G,G,G,0,0,0,0,0,0,0,0,0,0,0,0,0,0,1,0,0,1,0,0
2/5/20,Twelve,Initial,,,,,90,0,,,9,1,1,IP,SAFC 12,,,,,,,209,AN,SAFC 12,BYB,G,G,G,0,1,2,4,5,0,0,0,0,0,0,0,0,0,0,1,0,1,0,0
4/28/20,Twelve,Final,,,0,0,15,54,,,9,1,1,IP,SAFC 12,3,1,1,,,,210,AN,SAFC 12,YPY,G,G,G,0,0,0,0,0,0,0,0,0,0,0,0,0,0,0,0,0,0,0,0
2/5/20,Twelve,Initial,,,,,90,0,,,9,1,1,IP,SAFC 12,,,,,,,210,AN,SAFC 12,YPY,G,G,G,0,0,0,1,1,0,0,0,0,0,0,0,0,0,0,0,0,0,0,0
3/21/21,Eighteen,Final,,,0,0,12,40,,,1,0,0,SP,SAFC17,5,1,1,,2.577,,211,AO,SAFC 17,BGB,G,G,G,0,0,0,2,3,0,0,0,0,0,1,0,0,0,0,0,0,0,0,0
12/29/20,Eighteen,Initial,,,,,107,7,,,7,1,0,SP,SAFC17,,,,,,,211,AO,SAFC 17,BGB,G,G,G,0,2,9,1,2,1,0,0,0,0,0,0,0,0,0,0,0,0,0,0
9/18/20,Twelve,Final,,,0,0,11,40,,,2,1,1,SP,SAFC 5,10,1,1,,2.941,,212,AP,SAFC 5,blue,G,G,G,0,0,0,0,0,0,0,0,0,0,0,0,0,0,1,0,0,1,0,0
6/23/20,Twelve,Initial,,,,,77,37,,,8,1,1,SP,SAFC 5,,,,,,,212,AP,SAFC 5,blue,G,G,G,0,4,27,2,2,0,0,0,0,0,0,0,0,0,0,1,0,1,2,0
9/18/20,Twelve,Final,,,0,0,11,40,,,2,1,1,SP,SAFC 5,7,1,1,,2.762,,213,AP,SAFC 5,OBO,G,G,G,0,0,0,0,0,0,0,0,0,0,0,0,0,0,0,0,0,0,0,0
6/23/20,Twelve,Initial,,,,,77,37,,,8,1,1,SP,SAFC 5,,,,,,,213,AP,SAFC 5,OBO,G,G,G,0,2,5,1,1,0,0,0,0,0,0,0,0,0,0,0,0,0,0,0
9/18/20,Twelve,Final,,,0,0,11,40,,,2,1,1,SP,SAFC 5,,,,,,,214,AP,SAFC 5,BOB,W,W,W,0,0,0,0,0,0,0,0,0,0,0,0,0,0,0,0,0,0,7,0
6/23/20,Twelve,Initial,,,,,77,37,,,8,1,1,SP,SAFC 5,,,,,,,214,AP,SAFC 5,BOB,W,W,W,0,0,0,0,0,0,0,0,0,0,0,0,0,0,0,0,0,0,12,0
12/17/19,Twelve,Initial,,,,,113,4,,,7,1,1,IP,SAFC 9,,,,,,,215,AQ,SAFC 9,B (-/pnk),G,G,RG,1,0,0,0,0,1,0,0,0,0,0,0,0,0,0,0,1,1,0,0
3/9/20,Twelve,Final,,,1,0,12,33,,,5,1,1,IP,SAFC 9,,,,,,,215,AQ,SAFC 9,B (-/pnk),RG,RG,RG,1,0,0,0,0,1,0,0,0,0,0,0,0,0,0,0,0,0,7,0
3/9/20,Twelve,Final,,,1,0,12,33,,,5,1,1,IP,SAFC 9,,,,,,,216,AQ,SAFC 9,Y,G,G,G,0,1,1,4,8,0,0,0,0,0,0,0,0,0,1,0,0,1,0,0
12/17/19,Twelve,Initial,,,,,113,4,,,7,1,1,IP,SAFC 9,,,,,,,216,AQ,SAFC 9,Y,G,G,G,0,0,0,0,0,0,0,0,0,0,0,0,0,0,0,0,0,0,0,0
12/17/19,Twelve,Initial,,,,,113,4,,,7,1,1,IP,SAFC 9,,,,,,,217,AQ,SAFC 9,W,G,G,RG,1,1,3,0,0,1,0,0,0,0,0,0,0,0,1,0,0,1,0,0
3/9/20,Twelve,Final,,,1,0,12,33,,,5,1,1,IP,SAFC 9,,,,,,,217,AQ,SAFC 9,W,RG,RG,RG,1,0,0,0,0,3,0,0,0,0,0,1,0,0,0,2,0,2,4,0
3/9/20,Twelve,Final,,,1,0,12,33,,,5,1,1,IP,SAFC 9,3,1,1,,2.913,,218,AQ,SAFC 9,O,G,G,G,0,2,5,2,2,0,0,0,0,0,1,0,0,0,0,1,0,1,0,0
12/17/19,Twelve,Initial,,,,,113,4,,,7,1,1,IP,SAFC 9,,,,,,,218,AQ,SAFC 9,O,G,G,G,0,0,0,0,0,0,0,0,0,0,0,0,0,0,0,0,0,0,0,0
3/9/20,Twelve,Final,,,1,0,12,33,,,5,1,1,IP,SAFC 9,4,1,1,,2.802,,219,AQ,SAFC 9,P,G,G,G,0,0,0,1,1,1,0,0,0,0,0,0,0,0,0,0,0,0,0,0
12/17/19,Twelve,Initial,,,,,113,4,,,7,1,1,IP,SAFC 9,,,,,,,219,AQ,SAFC 9,P,G,G,G,0,1,3,0,0,0,0,0,0,0,0,0,0,0,0,0,0,0,0,0
3/9/20,Twelve,Final,,,1,0,12,33,,,5,1,1,IP,SAFC 9,,,,,,,220,AQ,SAFC 9,GWG,G,G,G,0,2,6,2,4,1,0,0,0,0,0,0,0,0,0,0,0,0,0,0
12/17/19,Twelve,Initial,,,,,113,4,,,7,1,1,IP,SAFC 9,,,,,,,220,AQ,SAFC 9,GWG,G,G,G,0,0,0,0,0,0,0,0,0,0,0,0,0,0,0,1,0,1,0,0
3/9/20,Twelve,Final,,,1,0,12,33,,,5,1,1,IP,SAFC 9,,,,,,,221,AQ,SAFC 9,OYO,G,G,G,0,1,2,2,11,0,0,0,0,0,0,0,0,0,0,1,0,1,0,0
12/17/19,Twelve,Initial,,,,,113,4,,,7,1,1,IP,SAFC 9,,,,,,,221,AQ,SAFC 9,OYO,G,G,G,0,0,0,2,3,0,0,0,0,0,0,0,0,0,0,1,0,1,0,0
4/13/20,Eighteen,Final,,,0,0,45,105,97,26,3,1,1,SP,SAFC10,6,1,1,0,2.155,,222,AR,SAFC10,GYG,G,G,G,0,0,0,0,0,0,0,0,0,0,0,1,0,0,1,0,0,1,1,0
1/19/22,Eighteen,Initial,,,,,113,9,,,17,1,1,SP,SAFC10,,,,,,,222,AR,SAFC10,GYG,G,G,G,0,4,52,1,1,0,0,0,0,0,0,0,0,0,0,0,0,0,0,0
4/13/20,Eighteen,Final,,,0,0,45,105,97,26,3,1,1,SP,SAFC10,10,1,1,0,2.608,,223,AR,SAFC10,OBO,G,G,G,0,0,0,0,0,0,0,0,0,0,0,1,0,0,1,1,0,2,0,0
1/19/22,Eighteen,Initial,,,,,113,9,,,17,1,1,SP,SAFC10,,,,,,,223,AR,SAFC10,OBO,G,G,G,0,6,22,0,0,0,0,0,0,0,0,1,0,0,1,0,0,1,1,0
4/13/20,Eighteen,Final,,,0,0,45,105,97,26,3,1,1,SP,SAFC10,7,1,1,0,2.539,,224,AR,SAFC10,BYB,G,G,G,0,0,0,0,0,0,0,0,0,0,0,0,0,0,1,0,0,1,0,0
1/19/22,Eighteen,Initial,,,,,113,9,,,17,1,1,SP,SAFC10,,,,,,,224,AR,SAFC10,BYB,G,G,G,0,10,105,0,0,1,0,0,0,0,0,1,0,0,1,0,0,1,0,0
4/13/20,Eighteen,Final,,,0,0,45,105,97,26,3,1,1,SP,SAFC10,,,,,,,225,AR,SAFC10,OWG,W,W,W,0,0,0,0,0,0,0,0,0,0,0,0,0,0,0,0,0,0,13,0
1/19/22,Eighteen,Initial,,,,,113,9,,,17,1,1,SP,SAFC10,,,,,,,225,AR,SAFC10,OWG,W,W,W,0,0,0,0,0,0,0,0,0,0,0,0,0,0,0,0,0,0,13,0
4/13/20,Eighteen,Final,,,0,0,45,105,97,26,3,1,1,SP,SAFC10,,,,1,,,226,AR,SAFC10,YOG,unclear,W,W,1,0,0,0,0,0,0,0,0,0,0,0,0,0,0,5,1,6,2,0
1/19/22,Eighteen,Initial,,,,,113,9,,,17,1,1,SP,SAFC10,,,,,,,226,AR,SAFC10,YOG,W,W,W,1,0,0,0,0,0,0,0,0,0,0,0,1,1,0,0,0,0,11,0
4/13/20,Eighteen,Final,,,0,0,45,105,97,26,3,1,1,SP,SAFC10,,,,,,,227,AR,SAFC10,YMB,W,W,W,0,0,0,0,0,0,0,0,0,1,0,3,0,0,0,0,0,0,7,0
1/19/22,Eighteen,Initial,,,,,113,9,,,17,1,1,SP,SAFC10,,,,,,,227,AR,SAFC10,YMB,W,W,W,0,0,0,0,0,0,0,0,0,0,0,0,0,0,0,0,0,0,13,0
4/13/20,Eighteen,Final,,,0,0,45,105,97,26,3,1,1,SP,SAFC10,,,,1,,,228,AR,SAFC10,YGO,W,W,W,0,0,0,0,0,0,0,0,0,0,3,0,0,0,2,1,0,3,5,0
1/19/22,Eighteen,Initial,,,,,113,9,,,17,1,1,SP,SAFC10,,,,,,,228,AR,SAFC10,YGO,W,W,W,0,0,0,0,0,0,0,0,0,0,0,0,0,0,0,0,0,0,12,0
8/28/20,Twelve,Final,,,1,0,4,18,,,1,0,0,SP,SAFC12,7,1,1,,2.822,,229,AS,SAFC12A,YGY,G,G,G,0,0,0,1,1,0,0,0,0,0,0,1,0,0,1,0,0,1,0,0
6/3/20,Twelve,Initial,,,,,62,2,,,7,1,0,SP,SAFC12,,,,,,,229,AS,SAFC12A,YGY,G,G,G,0,0,0,4,5,0,0,0,0,0,0,0,0,0,0,0,0,0,0,0
11/23/21,Eighteen,Final,,,0,1,22,28,46,13,3,1,1,SP,SAFC13,7,1,1,0,2.786,,230,AT,SAFC13,BOB,G,G,G,0,7,81,5,6,0,1,10,0,0,0,0,0,0,0,0,0,0,0,0
8/31/21,Eighteen,Initial,,,,,89,8,,,6,1,1,SP,SAFC13,,,,,,,230,AT,SAFC13,BOB,G,G,G,0,2,12,1,1,0,0,0,0,0,0,0,0,0,0,0,0,0,0,0
11/23/21,Eighteen,Final,,,0,1,22,28,46,13,3,1,1,SP,SAFC13,7,1,1,0,2.886,,231,AT,SAFC13,GBG,G,G,G,0,3,56,1,1,0,0,0,0,0,0,0,0,0,1,1,0,2,0,0
8/31/21,Eighteen,Initial,,,,,89,8,,,6,1,1,SP,SAFC13,,,,,,,231,AT,SAFC13,GBG,G,G,G,0,4,31,0,0,1,0,0,0,0,0,0,0,0,0,0,0,0,0,0
4/13/20,Eighteen,Final,1,,1,0,7,0,53,0,4,1,1,IP,SAFC13,5,0,1,0,2.59,,232,AU,SAFC13A,GOG,G,G,G,0,0,0,1,1,0,0,0,0,0,0,0,0,0,0,0,1,1,0,0
1/19/22,Eighteen,Initial,,,,,71,3,,,7,1,1,IP,SAFC13,,,,,,,232,AU,SAFC13A,GOG,G,G,G,0,0,0,0,0,0,0,0,0,0,0,0,0,0,0,0,0,0,0,0
4/13/20,Eighteen,Final,1,,1,0,7,0,53,0,4,1,1,IP,SAFC13,6,1,1,1,2.238,,233,AU,SAFC13A,BYB,G,G,G,0,0,0,0,0,0,0,0,0,0,0,0,0,0,0,0,1,1,0,0
1/19/22,Eighteen,Initial,,,,,71,3,,,7,1,1,IP,SAFC13,,,,,,,233,AU,SAFC13A,BYB,G,G,G,0,0,0,0,0,0,0,0,0,0,0,0,0,0,0,0,0,0,0,0
4/13/20,Eighteen,Final,1,,1,0,7,0,53,0,4,1,1,IP,SAFC13,6,1,1,0,2.333,,234,AU,SAFC13A,YGY,G,G,G,0,0,0,0,0,0,0,0,0,0,0,0,0,0,0,0,1,1,0,0
1/19/22,Eighteen,Initial,,,,,71,3,,,7,1,1,IP,SAFC13,,,,,,,234,AU,SAFC13A,YGY,G,G,G,0,0,0,0,0,0,0,0,0,0,0,0,0,0,0,0,0,0,0,0
4/13/20,Eighteen,Final,1,,1,0,7,0,53,0,4,1,1,IP,SAFC13,5,1,1,0,2.521,,235,AU,SAFC13A,YBY,G,G,G,0,0,0,0,0,0,0,0,0,0,0,0,0,0,0,0,0,0,0,0
1/19/22,Eighteen,Initial,,,,,71,3,,,7,1,1,IP,SAFC13,,,,,,,235,AU,SAFC13A,YBY,G,G,G,0,0,0,0,0,0,0,0,0,0,0,0,0,0,0,0,0,0,0,0
1/19/22,Eighteen,Initial,,,,,71,3,,,7,1,1,IP,SAFC13,,,,,,,236,AU,SAFC13A,YOY,G,G,RG,1,0,0,0,0,0,0,0,0,0,0,0,0,0,0,0,0,0,0,0
4/13/20,Eighteen,Final,1,,1,0,7,0,53,0,4,1,1,IP,SAFC13,,,,,2.451,,236,AU,SAFC13A,YOY,RG,RG,RG,1,0,0,0,0,0,0,0,0,0,0,0,0,0,0,0,0,0,13,0
4/13/20,Eighteen,Final,1,,1,0,7,0,53,0,4,1,1,IP,SAFC13,1,0,0,0,2.309,,237,AU,SAFC13A,OGO,W,W,W,0,0,0,1,1,1,0,0,0,0,0,1,0,0,0,0,1,1,3,0
1/19/22,Eighteen,Initial,,,,,71,3,,,7,1,1,IP,SAFC13,,,,,,,237,AU,SAFC13A,OGO,W,W,W,0,0,0,0,0,0,0,0,0,0,1,0,0,0,0,1,0,1,3,0
7/28/21,Eighteen,Final,,,0,0,8,6,39,6,5,1,1,IP,SAFC17,4,1,1,0,,,238,AV,SAFC17A,YOY,G,G,G,0,0,0,0,0,0,0,0,0,0,0,0,0,0,3,0,0,3,0,0
5/5/21,Eighteen,Initial,,,,,71,3,,,5,1,1,IP,SAFC17,,,,,,,238,AV,SAFC17A,YOY,G,G,G,0,0,0,0,0,0,0,0,0,0,0,0,0,0,0,0,0,0,0,0
7/28/21,Eighteen,Final,,,0,0,8,6,39,6,5,1,1,IP,SAFC17,4,1,1,0,2.659,,239,AV,SAFC17A,GBG,G,G,G,0,0,0,0,0,0,0,0,0,0,0,0,0,0,4,0,0,4,0,0
5/5/21,Eighteen,Initial,,,,,71,3,,,5,1,1,IP,SAFC17,,,,,,,239,AV,SAFC17A,GBG,G,G,G,0,1,1,1,1,0,0,0,0,0,0,0,0,0,0,0,0,0,0,0
7/28/21,Eighteen,Final,,,0,0,8,6,39,6,5,1,1,IP,SAFC17,4,1,1,1,2.552,,240,AV,SAFC17A,GOG,G,G,G,0,0,0,0,0,0,0,0,0,0,0,0,0,0,0,0,0,0,0,0
5/5/21,Eighteen,Initial,,,,,71,3,,,5,1,1,IP,SAFC17,,,,,,,240,AV,SAFC17A,GOG,G,G,G,0,0,0,0,0,0,1,8,0,0,0,0,0,0,0,1,0,1,0,0
7/28/21,Eighteen,Final,,,0,0,8,6,39,6,5,1,1,IP,SAFC17,5,1,1,1,2.279,,241,AV,SAFC17A,OYO,G,G,G,0,0,0,0,0,0,0,0,0,0,0,0,0,0,1,0,0,1,0,0
5/5/21,Eighteen,Initial,,,,,71,3,,,5,1,1,IP,SAFC17,,,,,,,241,AV,SAFC17A,OYO,G,G,G,0,1,1,0,0,0,0,0,0,0,0,0,0,0,0,0,0,0,0,0
7/28/21,Eighteen,Final,,,0,0,8,6,39,6,5,1,1,IP,SAFC17,3,1,1,0,2.706,,242,AV,SAFC17A,BOB,G,G,G,0,0,0,0,0,0,0,0,0,0,0,0,0,0,1,0,1,1,0,0
5/5/21,Eighteen,Initial,,,,,71,3,,,5,1,1,IP,SAFC17,,,,,,,242,AV,SAFC17A,BOB,G,G,G,0,0,0,0,0,0,0,0,0,0,0,0,0,0,0,0,0,0,0,0
3/18/21,Eighteen,Initial,,,,,115,6,,,10,1,1,IP,SAFC20,,,,,,,243,AW,SAFC20,GOG,G,G,RG,1,3,44,0,0,0,0,0,0,0,0,0,0,0,0,0,0,0,0,0
6/10/21,Eighteen,Final,1,,1,0,6,51,27,4,3,1,1,IP,SAFC20,1,1,1,1,2.528,,243,AW,SAFC20,GOG,RG,RG,RG,1,0,0,0,0,0,0,0,0,0,0,0,0,0,0,1,0,1,0,0
6/10/21,Eighteen,Final,1,,1,0,6,51,27,4,3,1,1,IP,SAFC20,5,1,1,0,2.763,,244,AW,SAFC20,POP,G,G,G,0,0,0,0,0,0,0,0,0,0,0,0,0,0,0,0,0,0,0,0
3/18/21,Eighteen,Initial,,,,,115,6,,,10,1,1,IP,SAFC20,,,,,,,244,AW,SAFC20,POP,G,G,G,0,2,22,0,0,0,0,0,0,0,0,0,0,0,0,1,0,1,0,0
6/10/21,Eighteen,Final,1,,1,0,6,51,27,4,3,1,1,IP,SAFC20,3,1,1,0,3,,245,AW,SAFC20,OYO,G,G,G,0,3,18,0,0,0,0,0,0,0,0,0,0,0,2,1,0,3,0,0
3/18/21,Eighteen,Initial,,,,,115,6,,,10,1,1,IP,SAFC20,,,,,,,245,AW,SAFC20,OYO,G,G,G,0,3,39,1,1,0,2,4,0,0,0,0,0,0,0,0,0,0,0,0
3/18/21,Eighteen,Initial,,,,,115,6,,,10,1,1,IP,SAFC20,,,,,,,246,AW,SAFC20,OPO,G,G,RG,0,4,22,0,0,0,0,0,0,0,0,0,0,0,0,0,0,0,0,0
6/10/21,Eighteen,Final,1,,1,0,6,51,27,4,3,1,1,IP,SAFC20,1,1,1,0,2.568,,246,AW,SAFC20,OPO,G,RG,RG,0,1,7,0,0,0,0,0,0,0,0,0,0,0,2,1,0,3,0,0
6/10/21,Eighteen,Final,1,,1,0,6,51,27,4,3,1,1,IP,SAFC20,3,1,1,0,2.683,,247,AW,SAFC20,YGY,G,G,G,0,4,25,1,1,0,0,0,0,0,0,0,0,0,0,1,0,1,0,0
3/18/21,Eighteen,Initial,,,,,115,6,,,10,1,1,IP,SAFC20,,,,,,,247,AW,SAFC20,YGY,G,G,G,0,5,64,0,0,0,0,0,0,0,0,0,0,0,0,0,0,0,0,0
3/18/21,Eighteen,Initial,,,,,115,6,,,10,1,1,IP,SAFC20,,,,,,,248,AW,SAFC20,BYB,G,G,RG,1,5,38,0,0,0,1,3,0,0,0,0,0,0,0,0,0,0,0,0
6/10/21,Eighteen,Final,1,,1,0,6,51,27,4,3,1,1,IP,SAFC20,0,1,1,1,2.415,,248,AW,SAFC20,BYB,RG,RG,RG,1,0,0,1,1,0,0,0,0,0,0,0,0,0,0,4,2,5,0,0
3/21/21,Eighteen,Final,,,0,0,11,0,,,6,1,1,IP,SAFC5,,,,,,,249,AX,SAFC5A,Orange,G,G,G,0,1,1,1,2,0,0,0,0,0,0,1,0,0,0,0,0,0,0,0
12/29/20,Eighteen,Initial,,,,,103,21,,,6,1,1,IP,SAFC5,,,,,,,249,AX,SAFC5A,Orange,G,G,G,0,1,13,2,2,0,0,0,0,0,0,0,0,0,0,0,0,0,0,0
3/21/21,Eighteen,Final,,,0,0,11,0,,,6,1,1,IP,SAFC5,4,1,1,,2.884,,250,AX,SAFC5A,Yellow,G,G,G,0,1,2,1,1,1,0,0,0,0,0,1,0,0,0,0,0,0,0,0
12/29/20,Eighteen,Initial,,,,,103,21,,,6,1,1,IP,SAFC5,,,,,,,250,AX,SAFC5A,Yellow,G,G,G,0,1,6,1,1,0,1,11,0,0,0,0,0,0,0,0,0,0,1,0
3/21/21,Eighteen,Final,,,0,0,11,0,,,6,1,1,IP,SAFC5,3,0,1,,2.885,,251,AX,SAFC5A,WOWO,G,G,G,0,4,12,2,2,0,0,0,0,0,0,0,0,0,0,0,0,0,0,0
12/29/20,Eighteen,Initial,,,,,103,21,,,6,1,1,IP,SAFC5,,,,,,,251,AX,SAFC5A,WOWO,G,G,G,0,3,7,0,0,0,0,0,0,0,0,0,0,0,0,0,0,0,0,0
3/21/21,Eighteen,Final,,,0,0,11,0,,,6,1,1,IP,SAFC5,0,1,1,,2.729,,252,AX,SAFC5A,OYO,G,G,G,0,5,12,3,4,0,0,0,0,0,0,0,0,0,0,0,0,0,0,0
12/29/20,Eighteen,Initial,,,,,103,21,,,6,1,1,IP,SAFC5,,,,,,,252,AX,SAFC5A,OYO,G,G,G,0,0,0,0,0,0,0,0,0,0,0,0,0,0,0,0,0,0,0,0
3/21/21,Eighteen,Final,,,0,0,11,0,,,6,1,1,IP,SAFC5,4,1,1,,2.926,,253,AX,SAFC5A,OGO,G,G,G,0,1,2,1,1,0,0,0,0,0,0,0,0,0,0,0,0,0,0,0
12/29/20,Eighteen,Initial,,,,,103,21,,,6,1,1,IP,SAFC5,,,,,,,253,AX,SAFC5A,OGO,G,G,G,0,3,7,0,0,0,0,0,0,0,0,0,0,0,0,0,0,0,0,0
3/21/21,Eighteen,Final,,,0,0,11,0,,,6,1,1,IP,SAFC5,4,1,1,,2.597,,254,AX,SAFC5A,YGY,G,G,G,0,3,3,3,4,1,0,0,0,0,0,0,0,0,0,0,0,0,0,0
12/29/20,Eighteen,Initial,,,,,103,21,,,6,1,1,IP,SAFC5,,,,,,,254,AX,SAFC5A,YGY,G,G,G,0,1,2,0,0,0,0,0,0,0,0,0,0,0,0,0,0,0,0,0
4/28/20,Twelve,Final,,,0,0,11,49,,,1,0,0,SP,T3A2,6,1,1,,2.467,,255,AY,T3A2(66),O,G,G,G,0,0,0,1,3,0,0,0,0,0,0,0,0,0,0,0,0,0,0,0
2/5/20,Twelve,Initial,,,,,86,2,,,7,1,0,SP,T3A2,,,,,,,255,AY,T3A2(66),O,G,G,G,0,1,4,4,4,0,0,0,0,0,0,0,0,0,0,0,0,0,0,0
3/18/21,Eighteen,Initial,,,,,115,6,,,10,1,1,IP,SAFC20,,,,,,,,AW,SAFC20,GPG,G,G,G,0,3,26,0,0,0,0,0,0,0,0,1,0,0,0,0,0,0,0,0
3/18/21,Eighteen,Initial,,,,,115,6,,,10,1,1,IP,SAFC20,,,,,,,,AW,SAFC20,YPY,G,G,G,0,2,12,0,0,0,1,16,0,0,0,0,0,0,0,0,0,0,0,0
3/18/21,Eighteen,Initial,,,,,115,6,,,10,1,1,IP,SAFC20,,,,,,,,AW,SAFC20,YOY,G,G,G,0,4,68,0,0,0,0,0,0,0,0,0,0,0,0,0,0,0,0,0
3/18/21,Eighteen,Initial,,,,,115,6,,,10,1,1,IP,SAFC20,,,,,,,,AW,SAFC20,PGP,G,G,G,0,2,7,0,0,0,0,0,0,0,0,0,0,0,0,0,0,0,0,0
4/14/21,Eighteen,Initial,,,,,115,31,,,12,1,1,IP,R3,,,,,,,,AB,R3BA(3),GWP,G,G,G,0,0,0,0,0,0,0,0,0,0,0,1,0,0,0,0,0,0,0,0
8/31/21,Eighteen,Initial,,,,,72,3,,,7,1,1,IP,F105,,,,,,,,E,F105,BOB,G,G,G,0,3,9,0,0,0,0,0,0,0,1,1,0,0,0,0,0,0,0,0
12/6/21,Eighteen,Initial,,,,,67,0,,,6,1,1,IP,F111,,,,,,,,I,F111/1,BPB,G,G,G,0,4,41,3,3,0,0,0,0,0,1,0,0,0,0,0,0,0,0,0
1/19/22,Eighteen,Initial,,,,,71,3,,,7,1,1,IP,SAFC13,,,,,,,,AU,SAFC13A,OBO,G,G,G,0,0,0,0,0,0,0,0,0,0,0,0,0,0,0,0,0,0,0,0
1/19/22,Eighteen,Initial,,,,,71,3,,,7,1,1,IP,SAFC13,,,,,,,,AU,SAFC13A,OYO,G,G,G,0,0,0,0,0,0,0,0,0,0,0,0,0,0,0,0,0,0,0,0
1/20/22,Eighteen,Initial,,,,,91,20,,,15,1,1,IP,RL86BI,,,,,,,,AJ,RL86B1(112C),YBOB,G,G,G,0,3,8,3,5,0,1,4,0,0,0,0,0,0,0,0,0,0,8,0
1/20/22,Eighteen,Initial,,,,,91,20,,,15,1,1,IP,RL86BI,,,,,,,,AJ,RL86B1(112C),umw,G,G,G,0,,,,,,,,,,,,,,,,,,,
12/19/19,Twelve,Initial,1,,,,77,16,,,5,1,1,IP,F21,,,,,,,,L,F21/1A,YGY,G,G,G,0,0,0,1,1,0,0,0,0,0,0,0,0,0,0,0,0,0,0,0
1/21/20,Twelve,Initial,,,,,64,1,,,9,1,1,IP,F44,,,,,,,,P,F44,O(-/org),G,G,G,0,0,0,0,0,0,0,0,0,0,0,3,0,0,0,0,0,0,1,0
6/3/20,Twelve,Initial,,,,,67,1,,,6,1,1,IP,R15,,,,,,,,V,R15A(118E),green-blue,G,G,G,0,0,0,1,1,0,1,0,0,0,0,0,0,0,0,0,0,0,0,0
12/29/20,Eighteen,Initial,,,,,107,7,,,7,1,1,SP,SAFC17,,,,,,,,AO,SAFC 17,OGO,G,G,G,0,2,35,0,0,0,0,0,0,0,0,0,0,0,0,1,0,1,0,0
12/29/20,Eighteen,Initial,,,,,107,7,,,7,1,1,SP,SAFC17,,,,,,,,AO,SAFC 17,OYO,G,G,G,0,0,0,0,0,0,0,0,0,0,0,0,0,0,0,0,0,0,1,0
12/29/20,Eighteen,Initial,,,,,107,7,,,7,1,1,SP,SAFC17,,,,,,,,AO,SAFC 17,YOY,G,G,G,0,1,25,0,0,0,0,0,0,0,0,0,0,0,0,1,0,1,0,0
12/29/20,Eighteen,Initial,,,,,107,7,,,7,1,1,SP,SAFC17,,,,,,,,AO,SAFC 17,BOB,G,G,G,0,1,4,0,0,0,0,0,0,0,0,0,0,0,0,0,0,0,0,0
12/29/20,Eighteen,Initial,,,,,107,7,,,7,1,1,SP,SAFC17,,,,,,,,AO,SAFC 17,GOG,G,G,G,0,1,6,1,1,0,0,0,0,0,0,0,0,0,0,0,0,0,0,0
12/29/20,Eighteen,Initial,,,,,107,7,,,7,1,1,SP,SAFC17,,,,,,,,AO,SAFC 17,GBG,G,G,G,0,2,15,0,0,0,0,0,0,0,0,1,0,0,0,0,0,0,0,0
1/28/21,Eighteen,Initial,,,,,98,2,,,8,1,1,SP,109,,,,,,,,AG,RGB(109),OGO,G,G,G,0,1,8,1,2,0,0,0,0,0,0,0,0,0,0,1,0,1,0,0
1/28/21,Eighteen,Initial,,,,,98,2,,,8,1,1,SP,109,,,,,,,,AG,RGB(109),OPO,G,G,G,0,2,22,0,0,0,0,0,0,0,0,0,0,0,0,0,0,0,1,0
1/28/21,Eighteen,Initial,,,,,98,2,,,8,1,1,SP,109,,,,,,,,AG,RGB(109),OYO,G,G,G,0,1,26,1,1,0,0,0,0,0,0,0,0,0,0,1,1,2,0,0
1/28/21,Eighteen,Initial,,,,,98,2,,,8,1,1,SP,109,,,,,,,,AG,RGB(109),YOY,G,G,G,0,1,7,0,0,0,0,0,0,0,0,0,0,0,0,0,0,0,0,0
1/28/21,Eighteen,Initial,,,,,98,2,,,8,1,1,SP,109,,,,,,,,AG,RGB(109),GYG,G,G,G,0,0,0,0,0,0,0,0,0,0,0,0,0,0,1,0,0,1,0,0
1/28/21,Eighteen,Initial,,,,,98,2,,,8,1,1,SP,109,,,,,,,,AG,RGB(109),PYP,G,G,G,0,2,6,1,1,0,0,0,0,0,0,0,0,0,0,0,0,0,1,0
3/16/21,Eighteen,Initial,,,,,94,16,,,8,1,1,SP,F111,,,,,,,,H,F111,PGP,G,G,G,0,2,8,0,0,0,0,0,0,0,0,0,0,0,0,0,0,0,0,0
3/16/21,Eighteen,Initial,,,,,94,16,,,8,1,1,SP,F111,,,,,,,,H,F111,BPB,G,G,G,0,1,3,0,0,0,0,0,0,0,0,0,0,0,0,0,0,0,0,0
3/16/21,Eighteen,Initial,,,,,94,16,,,8,1,1,SP,F111,,,,,,,,H,F111,PBP,G,G,G,0,3,17,0,0,1,1,1,0,0,0,0,0,0,0,1,0,1,0,0
3/16/21,Eighteen,Initial,,,,,94,16,,,8,1,1,SP,F111,,,,,,,,H,F111,PWP,G,G,G,0,3,17,3,7,0,1,3,0,0,0,0,0,0,0,2,0,2,0,0
3/16/21,Eighteen,Initial,,,,,94,16,,,8,1,1,SP,F111,,,,,,,,H,F111,WPW,G,G,G,0,3,8,0,1,1,2,2,0,0,0,0,0,0,0,1,0,1,0,0
3/16/21,Eighteen,Initial,,,,,94,16,,,8,1,1,SP,F111,,,,,,,,H,F111,GPG,G,G,G,0,1,3,1,2,0,0,0,0,0,0,1,0,0,0,1,0,1,0,0
3/18/21,Eighteen,Initial,,,,,104,56,,,9,1,1,SP,R22,,,,,,,,Z,R22G/1(49B),PGP,G,G,G,0,0,0,0,0,0,0,0,0,0,0,0,0,0,0,0,0,0,0,0
3/18/21,Eighteen,Initial,,,,,104,56,,,9,1,1,SP,R22,,,,,,,,Z,R22G/1(49B),OGO,G,G,G,0,2,3,1,1,0,0,0,0,0,0,0,0,0,0,1,0,1,0,0
3/18/21,Eighteen,Initial,,,,,104,56,,,9,1,1,SP,R22,,,,,,,,Z,R22G/1(49B),GOW,G,G,G,0,0,0,0,0,0,0,0,0,0,0,0,0,0,0,0,0,0,0,0
3/18/21,Eighteen,Initial,,,,,104,56,,,9,1,1,SP,R22,,,,,,,,Z,R22G/1(49B),WGW,G,G,G,0,0,0,0,0,0,0,0,0,0,0,0,0,0,0,0,0,0,0,0
3/18/21,Eighteen,Initial,,,,,104,56,,,9,1,1,SP,R22,,,,,,,,Z,R22G/1(49B),GWG,G,G,G,0,0,0,0,0,0,0,0,0,0,0,0,0,0,0,0,0,0,0,0
3/18/21,Eighteen,Initial,,,,,104,56,,,9,1,1,SP,R22,,,,,,,,Z,R22G/1(49B),WOW,G,G,G,0,0,0,0,0,0,0,0,0,0,0,0,0,0,0,1,0,1,0,0
3/18/21,Eighteen,Initial,,,,,104,56,,,9,1,1,SP,R22,,,,,,,,Z,R22G/1(49B),PGWG,G,G,G,0,0,0,0,0,0,0,0,0,0,0,0,0,0,0,0,0,0,0,0
3/18/21,Eighteen,Initial,,,,,104,56,,,9,1,1,SP,R22,,,,,,,,Z,R22G/1(49B),BGB,G,G,G,0,1,2,0,0,0,0,0,0,0,0,0,0,0,0,2,0,2,0,0
4/14/21,Eighteen,Initial,,,,,110,13,,,11,1,1,SP,F100,,,,,,,,C,F100A,WOW,G,G,G,0,5,23,0,0,0,0,0,0,0,0,0,0,0,0,0,0,0,0,0
4/14/21,Eighteen,Initial,,,,,110,13,,,11,1,1,SP,F100,,,,,,,,C,F100A,PWP,G,G,G,0,1,1,0,0,0,0,0,0,0,0,0,0,0,0,0,0,0,0,0
4/14/21,Eighteen,Initial,,,,,110,13,,,11,1,1,SP,F100,,,,,,,,C,F100A,WPW,G,G,G,0,5,39,0,0,0,0,0,0,0,0,0,0,0,0,0,0,0,0,0
4/14/21,Eighteen,Initial,,,,,110,13,,,11,1,1,SP,F100,,,,,,,,C,F100A,GOG,G,G,G,0,0,0,0,0,0,0,0,0,0,0,0,0,0,0,0,0,0,0,0
4/14/21,Eighteen,Initial,,,,,110,13,,,11,1,1,SP,F100,,,,,,,,C,F100A,OGO,G,G,G,0,2,9,0,0,0,0,0,0,0,0,0,0,0,0,0,0,0,1,0
4/14/21,Eighteen,Initial,,,,,110,13,,,11,1,1,SP,F100,,,,,,,,C,F100A,GPG,G,G,G,0,1,1,0,0,0,0,0,0,0,0,0,0,0,0,0,0,0,5,0
4/14/21,Eighteen,Initial,,,,,110,13,,,11,1,1,SP,F100,,,,,,,,C,F100A,PGP,G,G,G,0,3,11,1,1,0,0,0,0,0,0,0,0,0,0,0,0,0,0,0
4/14/21,Eighteen,Initial,,,,,110,13,,,11,1,1,SP,F100,,,,,,,,C,F100A,BWB,G,G,G,0,2,5,0,0,0,0,0,0,0,0,0,0,0,0,0,0,0,1,0
4/14/21,Eighteen,Initial,,,,,110,13,,,11,1,1,SP,F100,,,,,,,,C,F100A,WBW,G,G,G,0,1,6,0,0,1,0,0,0,0,0,0,0,0,0,0,0,0,0,0
4/14/21,Eighteen,Initial,,,,,110,13,,,11,1,1,SP,F100,,,,,,,,C,F100A,GWG,G,G,G,0,4,26,0,0,0,0,0,0,0,0,0,0,0,0,0,0,0,0,0
5/5/21,Eighteen,Initial,,,,,71,3,,,5,1,1,SP,F105,,,,,,,,F,F105/2,GYG,G,G,G,0,1,3,0,0,0,0,0,0,0,0,0,0,0,0,0,0,0,0,0
5/5/21,Eighteen,Initial,,,,,71,3,,,5,1,1,SP,F105,,,,,,,,F,F105/2,YGY,G,G,G,0,0,0,0,0,0,0,0,0,0,0,0,0,0,0,0,0,0,0,0
5/5/21,Eighteen,Initial,,,,,71,3,,,5,1,1,SP,F105,,,,,,,,F,F105/2,WGW,G,G,G,0,2,4,0,0,0,0,0,0,0,0,0,0,0,0,0,0,0,1,0
5/5/21,Eighteen,Initial,,,,,71,3,,,5,1,1,SP,F105,,,,,,,,F,F105/2,GOG,G,G,G,0,1,2,1,1,0,0,0,0,0,0,0,0,0,0,0,0,0,1,0
5/5/21,Eighteen,Initial,,,,,103,9,,,6,1,1,SP,F32,,,,,,,,O,F32A,YMY,G,G,G,0,6,68,2,2,0,0,0,0,0,0,0,0,0,0,0,0,0,0,0
5/5/21,Eighteen,Initial,,,,,103,9,,,6,1,1,SP,F32,,,,,,,,O,F32A,GYG,G,G,G,0,12,262,1,1,1,1,7,0,0,0,0,0,0,0,1,0,1,0,0
5/5/21,Eighteen,Initial,,,,,103,9,,,6,1,1,SP,F32,,,,,,,,O,F32A,YGY,G,G,G,0,7,146,0,0,0,0,0,0,0,0,0,0,0,0,0,0,0,0,0
8/31/21,Eighteen,Initial,,,,,81,0,,,4,1,1,SP,RO16A/2,,,,,,,,AK,RO16A/2(64C),GWG,G,G,G,0,2,14,1,1,0,0,0,0,0,0,0,0,0,0,0,0,0,0,0
8/31/21,Eighteen,Initial,,,,,81,0,,,4,1,1,SP,RO16A/2,,,,,,,,AK,RO16A/2(64C),WGW,G,G,G,0,2,6,0,0,0,0,0,0,0,0,1,0,0,0,0,0,0,0,0
8/31/21,Eighteen,Initial,,,,,81,0,,,4,1,1,SP,RO16A/2,,,,,,,,AK,RO16A/2(64C),OWO,G,G,G,0,2,13,0,0,1,1,3,0,0,0,1,0,0,0,0,0,0,0,0
8/31/21,Eighteen,Initial,,,,,89,8,,,6,1,1,SP,SAFC13,,,,,,,,AT,SAFC13,OBO,G,G,G,0,2,26,1,1,1,0,0,0,0,0,0,0,0,0,0,1,1,0,0
8/31/21,Eighteen,Initial,,,,,89,8,,,6,1,1,SP,SAFC13,,,,,,,,AT,SAFC13,GOG,G,G,G,0,2,19,1,1,0,0,0,0,0,1,2,0,0,0,1,0,1,0,0
8/31/21,Eighteen,Initial,,,,,89,8,,,6,1,1,SP,SAFC13,,,,,,,,AT,SAFC13,OGO,G,G,G,0,3,10,1,1,1,0,0,0,0,0,0,0,0,0,0,0,0,0,0
8/31/21,Eighteen,Initial,,,,,89,8,,,6,1,1,SP,SAFC13,,,,,,,,AT,SAFC13,BOG,G,G,G,0,6,52,2,2,0,0,0,0,0,0,0,0,0,0,0,0,0,0,0
12/6/21,Eighteen,Initial,,,,,82,1,,,10,1,1,SP,F103,,,,,,,,D,F103,OBO,G,G,G,0,1,3,0,0,0,0,0,0,0,0,1,0,0,0,0,0,0,0,0
12/6/21,Eighteen,Initial,,,,,82,1,,,10,1,1,SP,F103,,,,,,,,D,F103,BOB,G,G,G,0,0,0,2,3,0,0,0,0,0,0,2,0,0,0,0,0,0,0,0
12/6/21,Eighteen,Initial,,,,,82,1,,,10,1,1,SP,F103,,,,,,,,D,F103,OYO,G,G,G,0,0,0,1,1,0,0,0,0,0,0,0,0,0,0,0,0,0,0,0
12/6/21,Eighteen,Initial,,,,,82,1,,,10,1,1,SP,F103,,,,,,,,D,F103,POP,G,G,G,0,0,0,0,0,0,0,0,0,0,0,0,0,0,0,0,0,0,1,0
12/6/21,Eighteen,Initial,,,,,82,1,,,10,1,1,SP,F103,,,,,,,,D,F103,PWP,G,G,G,0,0,0,0,0,0,0,0,0,0,0,0,0,0,0,0,0,0,0,0
12/6/21,Eighteen,Initial,,,,,82,1,,,10,1,1,SP,F103,,,,,,,,D,F103,OPO,G,G,G,0,1,3,1,2,0,0,0,0,0,0,0,0,0,1,0,0,1,0,0
12/6/21,Eighteen,Initial,,,,,82,1,,,10,1,1,SP,F103,,,,,,,,D,F103,GBG,G,G,G,0,1,4,0,0,0,0,0,0,0,0,0,0,0,0,1,0,1,0,0
12/6/21,Eighteen,Initial,,,,,82,1,,,10,1,1,SP,F103,,,,,,,,D,F103,WPW,G,G,G,0,1,10,0,0,0,0,0,0,0,0,0,0,0,0,0,0,0,0,0
12/6/21,Eighteen,Initial,,,,,113,3,,,4,1,1,SP,F30,,,,,,,,M,F30,OGO,G,G,G,0,7,47,2,2,0,0,0,0,0,0,1,0,0,0,0,0,0,0,0
1/19/22,Eighteen,Initial,,,,,113,9,,,17,1,1,SP,SAFC10,,,,,,,,AR,SAFC10,OYO,G,G,G,0,7,106,0,0,0,1,1,0,0,0,0,0,0,0,1,0,1,0,0
1/19/22,Eighteen,Initial,,,,,113,9,,,17,1,1,SP,SAFC10,,,,,,,,AR,SAFC10,BGB,G,G,G,0,7,61,1,2,1,0,0,0,0,0,1,0,0,0,0,0,0,0,0
1/19/22,Eighteen,Initial,,,,,113,9,,,17,1,1,SP,SAFC10,,,,,,,,AR,SAFC10,MBG,G,G,G,0,9,111,1,2,0,1,2,0,0,0,0,0,0,0,0,0,0,0,0
1/19/22,Eighteen,Initial,,,,,113,9,,,17,1,1,SP,SAFC10,,,,,,,,AR,SAFC10,YBY,G,G,G,0,8,96,1,1,0,0,0,0,0,0,0,0,0,0,0,0,0,0,0
1/19/22,Eighteen,Initial,,,,,113,9,,,17,1,1,SP,SAFC10,,,,,,,,AR,SAFC10,YGY,G,G,G,0,5,29,2,5,0,1,2,0,0,0,1,0,0,0,1,0,1,1,0
1/19/22,Eighteen,Initial,,,,,113,9,,,17,1,1,SP,SAFC10,,,,,,,,AR,SAFC10,BOB,G,G,G,0,5,51,0,0,0,0,0,0,0,0,0,0,0,1,0,0,1,2,0
1/19/22,Eighteen,Initial,,,,,113,9,,,17,1,1,SP,SAFC10,,,,,,,,AR,SAFC10,GOG,G,G,G,0,6,48,0,0,0,0,0,0,0,0,0,0,0,1,0,0,1,0,0
1/19/22,Eighteen,Initial,,,,,113,9,,,17,1,1,SP,SAFC10,,,,,,,,AR,SAFC10,OGO,G,G,G,0,8,145,1,1,0,0,0,0,0,0,0,0,0,0,0,0,0,0,0
1/19/22,Eighteen,Initial,,,,,113,9,,,17,1,1,SP,SAFC10,,,,,,,,AR,SAFC10,YGW,G,G,G,0,8,58,1,2,0,0,0,0,0,0,0,0,0,0,0,0,0,0,0
1/19/22,Eighteen,Initial,,,,,113,9,,,17,1,1,SP,SAFC10,,,,,,,,AR,SAFC10,MYG,G,G,G,0,9,52,0,0,0,0,0,0,0,0,0,0,0,0,0,0,0,0,0
1/19/22,Eighteen,Initial,,,,,113,9,,,17,1,1,SP,SAFC10,,,,,,,,AR,SAFC10,YBO,G,G,G,0,6,60,2,7,0,1,3,0,0,0,0,0,0,0,0,0,0,1,0
1/19/22,Eighteen,Initial,,,,,113,9,,,17,1,1,SP,SAFC10,,,,,,,,AR,SAFC10,YOY,G,G,G,0,7,53,2,2,0,1,1,0,0,0,0,0,0,0,0,0,0,0,0
1/19/22,Eighteen,Initial,,,,,113,9,,,17,1,1,SP,SAFC10,,,,,,,,AR,SAFC10,BMB,G,G,G,0,4,50,1,2,0,1,4,0,0,0,0,0,0,0,0,0,0,0,0
1/19/22,Eighteen,Initial,,,,,113,9,,,17,1,1,SP,SAFC10,,,,,,,,AR,SAFC10,YMY,G,G,G,0,7,73,0,0,0,0,0,0,0,0,0,0,0,0,0,0,0,0,0
1/20/22,Eighteen,Initial,,,,,94,0,,,10,1,1,SP,R3,,,,,,,,AC,R3BA3A,BYB,G,G,G,0,11,132,0,0,0,0,0,0,0,0,0,0,0,0,0,0,0,0,0
1/20/22,Eighteen,Initial,,,,,94,0,,,10,1,1,SP,R3,,,,,,,,AC,R3BA3A,OYO,G,G,G,0,9,163,1,1,1,0,0,0,0,0,0,0,0,0,0,0,0,3,0
1/20/22,Eighteen,Initial,,,,,94,0,,,10,1,1,SP,R3,,,,,,,,AC,R3BA3A,GBG,G,G,G,0,13,265,2,4,0,0,0,0,0,0,0,0,0,0,0,0,0,5,0
1/20/22,Eighteen,Initial,,,,,94,0,,,10,1,1,SP,R3,,,,,,,,AC,R3BA3A,GYG,G,G,G,0,12,226,0,0,0,0,0,0,0,0,0,0,0,0,0,0,0,2,0
1/20/22,Eighteen,Initial,,,,,94,0,,,10,1,1,SP,R3,,,,,,,,AC,R3BA3A,BMO,G,G,G,0,9,130,2,2,0,0,0,0,0,0,0,0,0,0,0,0,0,1,0
1/20/22,Eighteen,Initial,,,,,94,0,,,10,1,1,SP,R3,,,,,,,,AC,R3BA3A,MOM,G,G,G,0,12,159,0,0,0,0,0,0,0,0,0,0,0,0,0,0,0,6,0
1/20/22,Eighteen,Initial,,,,,94,0,,,10,1,1,SP,R3,,,,,,,,AC,R3BA3A,BMG,G,G,G,0,9,52,1,2,0,0,0,0,0,0,0,0,0,0,0,0,0,1,0
1/20/22,Eighteen,Initial,,,,,94,0,,,10,1,1,SP,R3,,,,,,,,AC,R3BA3A,BOM,G,G,G,0,11,260,1,2,0,0,0,0,0,0,0,0,0,0,0,0,0,0,0
10/4/19,Twelve,Initial,,,,,67,3,,,7,1,1,SP,F107,,,,,,,,G,F107/1,Y,G,G,G,0,1,1,0,0,1,0,0,0,0,0,0,0,0,0,0,0,0,0,0
10/4/19,Twelve,Initial,,,,,67,3,,,7,1,1,SP,F107,,,,,,,,G,F107/1,B,G,G,G,0,1,3,1,1,0,0,0,0,0,0,0,0,0,0,0,0,0,0,0
10/4/19,Twelve,Initial,,,,,67,3,,,7,1,1,SP,F107,,,,,,,,G,F107/1,YO(-/PNK),G,G,G,0,1,3,0,0,0,0,0,0,0,0,0,0,0,0,0,0,0,0,0
10/4/19,Twelve,Initial,,,,,67,3,,,7,1,1,SP,F107,,,,,,,,G,F107/1,WY(PNK/-),G,G,G,0,0,0,0,0,0,0,0,0,0,0,0,0,0,1,0,0,1,0,0
10/4/19,Twelve,Initial,,,,,67,3,,,7,1,1,SP,F107,,,,,,,,G,F107/1,O,G,G,G,0,0,0,0,0,0,0,0,0,0,0,0,0,0,0,0,0,0,1,0
10/9/19,Twelve,Initial,,,,,88,31,,,6,1,1,SP,F21,,,,,,,,K,F21/1,G,G,G,G,0,0,0,0,0,0,0,0,0,0,0,0,0,0,0,0,0,0,1,0
10/9/19,Twelve,Initial,,,,,88,31,,,6,1,1,SP,F21,,,,,,,,K,F21/1,WYW,G,G,G,0,0,0,1,3,0,0,0,0,0,0,0,0,0,0,0,0,0,0,0
10/9/19,Twelve,Initial,,,,,88,31,,,6,1,1,SP,F21,,,,,,,,K,F21/1,YGY,G,G,G,0,0,0,0,0,0,0,0,0,0,0,0,0,0,0,0,0,0,0,0
10/9/19,Twelve,Initial,,,,,88,31,,,6,1,1,SP,F21,,,,,,,,K,F21/1,YBY,G,G,G,0,1,5,0,0,0,0,0,0,0,0,0,0,0,0,0,0,0,0,0
10/9/19,Twelve,Initial,,,,,88,31,,,6,1,1,SP,F21,,,,,,,,K,F21/1,OBO,G,G,G,0,1,1,0,0,0,0,0,0,0,0,0,0,0,0,0,0,0,0,0
10/10/19,Twelve,Initial,,,,,139,20,,,9,1,1,SP,R15,,,,,,,,U,R15A(118),B,G,G,G,0,1,2,0,0,0,0,0,0,0,0,0,0,0,0,0,0,0,0,0
10/10/19,Twelve,Initial,,,,,139,20,,,9,1,1,SP,R15,,,,,,,,U,R15A(118),Y,G,G,G,0,3,13,0,0,0,0,0,0,0,1,0,0,0,1,0,0,1,0,0
10/10/19,Twelve,Initial,,,,,139,20,,,9,1,1,SP,R15,,,,,,,,U,R15A(118),G,G,G,G,0,1,6,1,3,0,1,1,0,0,0,0,0,0,0,0,0,0,0,0
10/10/19,Twelve,Initial,,,,,139,20,,,9,1,1,SP,R15,,,,,,,,U,R15A(118),BO,G,G,G,0,0,0,0,0,0,1,1,0,0,0,0,0,0,0,0,0,0,0,0
10/10/19,Twelve,Initial,,,,,139,20,,,9,1,1,SP,R15,,,,,,,,U,R15A(118),W,G,G,G,0,2,11,0,0,1,0,0,0,0,0,0,0,0,0,0,0,0,0,0
10/10/19,Twelve,Initial,,,,,139,20,,,9,1,1,SP,R15,,,,,,,,U,R15A(118),YO,G,G,G,0,0,0,1,1,0,0,0,0,0,0,1,0,0,0,0,0,0,0,0
10/10/19,Twelve,Initial,,,,,139,20,,,9,1,1,SP,R15,,,,,,,,U,R15A(118),GB,G,G,G,0,1,4,0,0,0,1,1,0,0,0,0,0,0,0,0,0,0,0,0
12/17/19,Twelve,Initial,,,,,127,11,,,7,1,1,SP,R4,,,,,,,,AE,R4A(83)B,WPG,G,G,G,0,3,12,1,3,0,0,0,0,0,0,0,0,0,1,0,0,1,1,0
12/17/19,Twelve,Initial,,,,,127,11,,,7,1,1,SP,R4,,,,,,,,AE,R4A(83)B,WBW,G,G,G,0,3,24,0,0,0,0,0,0,0,0,0,0,0,0,1,0,1,1,0
12/17/19,Twelve,Initial,,,,,127,11,,,7,1,1,SP,R4,,,,,,,,AE,R4A(83)B,WGY,G,G,G,0,1,15,1,2,0,0,0,0,0,0,0,0,0,0,0,0,0,0,0
12/17/19,Twelve,Initial,,,,,127,11,,,7,1,1,SP,R4,,,,,,,,AE,R4A(83)B,GWB,G,G,G,0,0,0,0,0,0,0,0,0,0,0,0,0,0,1,0,0,1,0,0
12/17/19,Twelve,Initial,,,,,127,11,,,7,1,1,SP,R4,,,,,,,,AE,R4A(83)B,WYW,G,G,G,0,2,10,0,0,0,0,0,0,0,0,0,0,0,0,4,0,4,0,0
12/18/19,Twelve,Initial,,,,,92,28,,,5,1,1,SP,S1,,,,,,,,AM,S1B1/2(77B),PYP,G,G,G,0,1,2,1,4,0,1,2,0,0,0,0,0,0,0,0,0,0,0,0
12/18/19,Twelve,Initial,,,,,92,28,,,5,1,1,SP,S1,,,,,,,,AM,S1B1/2(77B),PWP,G,G,G,0,0,0,1,1,0,0,0,0,0,0,0,0,0,0,0,0,0,0,0
12/18/19,Twelve,Initial,,,,,92,28,,,5,1,1,SP,S1,,,,,,,,AM,S1B1/2(77B),BYB,G,G,G,0,1,1,2,3,0,0,0,0,0,0,0,0,0,0,0,0,0,0,0
12/19/19,Twelve,Initial,,,,,71,22,,,12,1,1,SP,F48,,,,,,,,Q,F48,BWB,G,G,G,0,0,0,0,0,0,0,0,0,0,0,1,0,0,0,0,0,0,0,0
12/19/19,Twelve,Initial,,,,,71,22,,,12,1,1,SP,F48,,,,,,,,Q,F48,WPW,G,G,G,0,0,0,0,0,0,1,5,0,0,0,0,0,0,0,0,0,0,0,0
12/19/19,Twelve,Initial,,,,,71,22,,,12,1,1,SP,F48,,,,,,,,Q,F48,YWY,G,G,G,0,4,9,1,1,0,0,0,0,0,0,0,0,0,0,0,0,0,0,0
12/19/19,Twelve,Initial,,,,,71,22,,,12,1,1,SP,F48,,,,,,,,Q,F48,PGP,G,G,G,0,5,24,1,2,0,0,0,0,0,0,0,0,0,0,0,0,0,0,0
12/19/19,Twelve,Initial,,,,,71,22,,,12,1,1,SP,F48,,,,,,,,Q,F48,BGP,G,G,G,0,2,14,0,0,0,0,0,0,0,0,0,0,0,0,0,0,0,0,0
12/19/19,Twelve,Initial,,,,,71,22,,,12,1,1,SP,F48,,,,,,,,Q,F48,WGW,G,G,G,0,3,29,0,0,0,0,0,0,0,0,1,0,0,1,0,0,1,0,0
12/19/19,Twelve,Initial,,,,,71,22,,,12,1,1,SP,F48,,,,,,,,Q,F48,GPB,G,G,G,0,0,0,0,0,0,0,0,0,0,0,0,0,0,0,0,0,0,0,0
12/19/19,Twelve,Initial,,,,,71,22,,,12,1,1,SP,F48,,,,,,,,Q,F48,BGB,G,G,G,0,2,4,0,0,0,0,0,0,0,0,0,0,0,0,0,0,0,0,0
12/19/19,Twelve,Initial,,,,,71,22,,,12,1,1,SP,F48,,,,,,,,Q,F48,OWO,G,G,G,0,1,6,0,0,0,0,0,0,0,0,0,0,0,0,0,0,0,0,0
12/19/19,Twelve,Initial,,,,,71,22,,,12,1,1,SP,F48,,,,,,,,Q,F48,WOW,G,G,G,0,2,7,0,0,0,0,0,0,0,0,0,0,0,0,0,0,0,0,0
12/19/19,Twelve,Initial,,,,,71,22,,,12,1,1,SP,F48,,,,,,,,Q,F48,GYG,G,G,G,0,0,0,0,0,0,0,0,0,0,0,1,0,0,0,1,0,1,0,0
1/21/20,Twelve,Initial,,,,,67,15,,,4,1,1,SP,F20,,,,,,,,J,F20/1,G,G,G,G,0,3,10,0,0,1,0,0,0,0,0,0,0,0,0,0,0,0,0,0
1/21/20,Twelve,Initial,,,,,67,15,,,4,1,1,SP,F20,,,,,,,,J,F20/1,Y,G,G,G,0,0,0,0,0,0,0,0,0,0,0,0,0,0,0,1,0,1,0,0
1/21/20,Twelve,Initial,,,,,67,15,,,4,1,1,SP,F20,,,,,,,,J,F20/1,O,G,G,G,0,2,8,0,0,0,0,0,0,0,0,0,0,0,0,0,0,0,1,0
2/5/20,Twelve,Initial,,,,,86,2,,,7,1,1,SP,T3A2,,,,,,,,AY,T3A2(66),YPY,G,G,G,0,0,0,2,5,0,0,0,0,0,0,0,0,0,0,0,0,0,0,0
2/5/20,Twelve,Initial,,,,,86,2,,,7,1,1,SP,T3A2,,,,,,,,AY,T3A2(66),G,G,G,G,0,0,0,1,1,0,0,0,0,0,0,0,0,0,0,1,0,1,0,0
2/5/20,Twelve,Initial,,,,,86,2,,,7,1,1,SP,T3A2,,,,,,,,AY,T3A2(66),WPW,G,G,G,0,0,0,5,7,0,0,0,0,0,0,0,0,0,0,0,0,0,0,0
2/5/20,Twelve,Initial,,,,,86,2,,,7,1,1,SP,T3A2,,,,,,,,AY,T3A2(66),W,G,G,G,0,0,0,3,4,0,0,0,0,0,0,0,0,0,0,0,0,0,0,0
2/5/20,Twelve,Initial,,,,,86,2,,,7,1,1,SP,T3A2,,,,,,,,AY,T3A2(66),B,G,G,G,0,0,0,2,2,1,0,0,0,0,0,0,0,0,0,0,0,0,0,0
2/5/20,Twelve,Initial,,,,,86,2,,,7,1,1,SP,T3A2,,,,,,,,AY,T3A2(66),PWP,G,G,G,0,1,4,4,4,1,0,0,0,0,0,1,0,0,0,2,0,2,0,0
6/2/20,Twelve,Initial,,,,,85,6,,,9,1,1,SP,RP5/2,,,,,,,,AL,RP5/2(1B),Y,G,G,G,0,0,0,0,0,0,0,0,0,0,0,0,0,0,0,1,0,1,1,0
6/2/20,Twelve,Initial,,,,,85,6,,,9,1,1,SP,RP5/2,,,,,,,,AL,RP5/2(1B),W,G,G,G,0,0,0,0,0,0,0,0,0,0,0,0,0,0,0,0,0,0,0,0
6/2/20,Twelve,Initial,,,,,85,6,,,9,1,1,SP,RP5/2,,,,,,,,AL,RP5/2(1B),B,G,G,G,0,1,3,0,0,0,0,0,0,0,0,0,0,0,0,0,0,0,0,0
6/2/20,Twelve,Initial,,,,,85,6,,,9,1,1,SP,RP5/2,,,,,,,,AL,RP5/2(1B),G,G,G,G,0,1,8,0,0,0,0,0,0,0,0,0,0,0,0,0,0,0,1,0
6/2/20,Twelve,Initial,,,,,85,6,,,9,1,1,SP,RP5/2,,,,,,,,AL,RP5/2(1B),P,G,G,G,0,1,7,0,0,0,0,0,0,0,0,0,0,0,0,1,0,1,0,0
6/2/20,Twelve,Initial,,,,,85,6,,,9,1,1,SP,RP5/2,,,,,,,,AL,RP5/2(1B),WBW,G,G,G,0,0,0,0,0,0,0,0,0,0,0,0,0,0,0,0,0,0,0,0
6/2/20,Twelve,Initial,,,,,85,6,,,9,1,1,SP,RP5/2,,,,,,,,AL,RP5/2(1B),YPY,G,G,G,0,0,0,0,0,0,0,0,0,0,0,0,0,0,0,2,0,2,0,0
6/2/20,Twelve,Initial,,,,,85,6,,,9,1,1,SP,RP5/2,,,,,,,,AL,RP5/2(1B),WGW,G,G,G,0,1,6,0,0,0,0,0,0,0,0,0,0,0,0,0,0,0,0,0
6/3/20,Twelve,Initial,,,,,62,2,,,7,1,1,SP,SAFC12,,,,,,,,AS,SAFC12A,Yellow,G,G,G,0,0,0,0,0,0,0,0,0,0,0,0,0,0,0,0,0,0,0,0
6/3/20,Twelve,Initial,,,,,62,2,,,7,1,1,SP,SAFC12,,,,,,,,AS,SAFC12A,YWY,G,G,G,0,0,0,2,6,0,0,0,0,0,0,0,0,0,0,1,0,1,0,0
6/3/20,Twelve,Initial,,,,,62,2,,,7,1,1,SP,SAFC12,,,,,,,,AS,SAFC12A,WBW,G,G,G,0,0,0,0,0,0,0,0,0,0,0,1,0,0,0,0,0,0,0,0
6/3/20,Twelve,Initial,,,,,62,2,,,7,1,1,SP,SAFC12,,,,,,,,AS,SAFC12A,BO,G,G,G,0,0,0,1,1,0,0,0,0,0,0,1,0,0,0,0,0,0,0,0
6/3/20,Twelve,Initial,,,,,62,2,,,7,1,1,SP,SAFC12,,,,,,,,AS,SAFC12A,OBO,G,G,G,0,0,0,0,0,0,0,0,0,0,0,1,0,0,0,0,0,0,0,0
6/3/20,Twelve,Initial,,,,,62,2,,,7,1,1,SP,SAFC12,,,,,,,,AS,SAFC12A,GYG,G,G,G,0,0,0,2,3,0,0,0,0,0,0,1,0,0,0,0,0,0,0,0
6/18/20,Twelve,Initial,,,,,76,7,,,6,1,1,SP,RL86BI2,,,,,,,,AI,RL8.6B1(112B),OBO,G,G,G,0,2,46,1,1,0,0,0,0,0,0,0,0,0,0,0,0,0,0,0
6/18/20,Twelve,Initial,,,,,76,7,,,6,1,1,SP,RL86BI2,,,,,,,,AI,RL8.6B1(112B),GOG,G,G,G,0,3,20,0,0,0,0,0,0,0,0,0,0,0,1,1,0,1,0,0
6/18/20,Twelve,Initial,,,,,76,7,,,6,1,1,SP,RL86BI2,,,,,,,,AI,RL8.6B1(112B),OY,G,G,G,0,2,14,2,2,0,1,7,0,0,0,0,0,0,0,0,0,0,0,0
6/18/20,Twelve,Initial,,,,,76,7,,,6,1,1,SP,RL86BI2,,,,,,,,AI,RL8.6B1(112B),BO,G,G,G,0,5,63,1,1,0,0,0,0,0,0,0,0,0,0,0,0,0,0,0
6/18/20,Twelve,Initial,,,,,76,7,,,6,1,1,SP,RL86BI2,,,,,,,,AI,RL8.6B1(112B),GBG,G,G,G,0,2,13,1,1,0,2,7,0,0,0,0,0,0,0,0,0,0,0,0
6/23/20,Twelve,Initial,,,,,77,37,,,8,1,1,SP,SAFC 5,,,,,,,,AP,SAFC 5,orange,G,G,G,0,3,32,4,5,0,0,0,0,0,0,0,0,0,0,0,0,0,0,0
6/23/20,Twelve,Initial,,,,,77,37,,,8,1,1,SP,SAFC 5,,,,,,,,AP,SAFC 5,yellow,G,G,G,0,3,24,5,9,0,0,0,0,0,0,0,0,0,0,0,0,0,0,0
6/23/20,Twelve,Initial,,,,,77,37,,,8,1,1,SP,SAFC 5,,,,,,,,AP,SAFC 5,WOWO,G,G,G,0,6,43,2,6,0,1,1,0,0,0,0,0,0,0,0,0,0,0,0
6/23/20,Twelve,Initial,,,,,77,37,,,8,1,1,SP,SAFC 5,,,,,,,,AP,SAFC 5,OYO,G,G,G,0,3,9,2,2,0,0,0,0,0,0,1,0,0,0,1,0,1,0,0
6/23/20,Twelve,Initial,,,,,77,37,,,8,1,1,SP,SAFC 5,,,,,,,,AP,SAFC 5,OGO,G,G,G,0,5,21,0,0,0,0,0,0,0,0,1,0,0,0,0,0,0,0,0
6/23/20,Twelve,Initial,,,,,77,37,,,8,1,1,SP,SAFC 5,,,,,,,,AP,SAFC 5,YGY,G,G,G,0,5,46,2,2,0,0,0,0,0,0,0,0,0,1,0,0,1,0,0
7/8/20,Twelve,Initial,,,,,86,24,,,11,1,1,SP,R1,,,,,,,,Y,R1Q(2),GBG,G,G,G,0,2,5,0,0,0,0,0,0,0,0,0,0,0,0,0,0,0,1,0
7/8/20,Twelve,Initial,,,,,86,24,,,11,1,1,SP,R1,,,,,,,,Y,R1Q(2),BOB,G,G,G,0,0,0,1,1,0,0,0,0,0,0,0,0,0,0,0,0,0,0,0
7/8/20,Twelve,Initial,,,,,86,24,,,11,1,1,SP,R1,,,,,,,,Y,R1Q(2),WOW,G,G,G,0,3,6,0,0,0,1,2,0,0,0,0,0,0,0,0,0,0,1,0
7/8/20,Twelve,Initial,,,,,86,24,,,11,1,1,SP,R1,,,,,,,,Y,R1Q(2),GYG,G,G,G,0,3,7,0,0,0,0,0,0,0,0,0,0,0,1,0,0,1,0,0
7/8/20,Twelve,Initial,,,,,86,24,,,11,1,1,SP,R1,,,,,,,,Y,R1Q(2),OGO,G,G,G,0,1,1,1,2,0,0,0,0,0,0,0,0,0,0,0,0,0,0,0
7/8/20,Twelve,Initial,,,,,86,24,,,11,1,1,SP,R1,,,,,,,,Y,R1Q(2),YGY,G,G,G,0,2,5,0,0,0,0,0,0,0,0,0,0,0,0,0,0,0,1,0
7/8/20,Twelve,Initial,,,,,86,24,,,11,1,1,SP,R1,,,,,,,,Y,R1Q(2),OYO,G,G,G,0,2,5,1,2,0,0,0,0,0,1,0,0,0,0,1,0,1,0,0
7/8/20,Twelve,Initial,,,,,86,24,,,11,1,1,SP,R1,,,,,,,,Y,R1Q(2),YOY,G,G,G,0,3,7,2,2,0,0,0,0,0,0,0,0,0,0,0,0,0,0,0
7/8/20,Twelve,Initial,,,,,86,24,,,11,1,1,SP,R1,,,,,,,,Y,R1Q(2),OBO,G,G,G,0,4,8,2,2,1,0,0,0,0,0,0,0,0,0,0,0,0,0,0
8/6/20,Twelve,Initial,,,,,68,1,,,6,1,1,SP,R17,,,,,,,,W,R17(24B),G,G,G,G,0,1,2,0,0,0,0,0,0,0,0,0,0,0,0,0,0,0,0,0
8/6/20,Twelve,Initial,,,,,68,1,,,6,1,1,SP,R17,,,,,,,,W,R17(24B),BOB,G,G,G,0,0,0,0,0,0,0,0,0,0,0,0,0,0,0,0,0,0,0,0
8/6/20,Twelve,Initial,,,,,68,1,,,6,1,1,SP,R17,,,,,,,,W,R17(24B),BWB,G,G,G,0,0,0,0,0,0,0,0,0,0,0,0,0,0,0,0,0,0,0,0
8/6/20,Twelve,Initial,,,,,68,1,,,6,1,1,SP,R17,,,,,,,,W,R17(24B),POP,G,G,G,0,0,0,0,0,0,0,0,0,0,0,0,0,0,0,0,0,0,0,0
4/14/22,Eighteen,Final,1,,1,1,22,9,136,5,13,1,1,IP,RL86BI,,,,,,,,AJ,RL86B1(112C),G,NG3,NG,NG,1,3,46,0,0,0,0,0,0,0,0,0,0,0,0,0,0,0,0,0
4/14/22,Eighteen,Final,1,,1,1,22,9,136,5,13,1,1,IP,RL86BI,,,,,,,,AJ,RL86B1(112C),GOB,NG3,NG,NG,1,2,4,1,1,0,0,0,0,0,0,0,0,0,0,0,0,0,0,0
4/14/22,Eighteen,Final,1,,1,1,22,9,136,5,13,1,1,IP,RL86BI,,,,,,,,AJ,RL86B1(112C),MGM,NG3,NG,NG,1,2,7,0,0,0,1,4,0,0,0,0,0,0,0,0,0,0,0,0
6/10/21,Eighteen,Final,1,,1,1,6,61,3,0,0,0,0,SP,R22,,,,,,,,Z,R22G/1(49B),umw,NG1,NG,NG,1,0,0,0,0,0,0,0,0,0,0,0,0,0,0,0,0,0,0,0
11/23/21,Eighteen,Final,,,0,1,22,28,46,13,3,1,1,SP,SAFC13,,,,,,,,AT,SAFC13,umw2,NG2,NG,NG,1,9,130,3,7,0,0,0,0,0,0,0,0,0,1,0,0,1,0,0
4/14/22,Eighteen,Final,,,0,1,25,0,69,1,3,1,1,SP,R3,2,1,0,0,2.64,,,AC,R3BA3A,BOG,NG1,NG,NG,1,1,1,1,1,0,1,12,0,0,0,0,0,0,0,0,0,0,0,0
12/31/19,Twelve,Final,,,0,1,19,17,,,2,1,1,SP,F107,,,,,,,,G,F107/1,UMW,unclear,NG,NG,1,2,2,0,0,0,0,0,0,0,0,0,0,0,0,0,0,0,0,0
4/14/20,Twelve,Final,,,0,1,15,22,,,4,1,1,SP,F20,,,,,,,,J,F20/1,umw1,NG1,NG,NG,1,14,143,1,1,2,0,0,0,0,0,0,0,0,0,1,0,1,0,0
4/14/20,Twelve,Final,,lots of umw dueling going on in this group initially,0,1,15,22,,,4,1,1,SP,F20,,,,,,,,J,F20/1,umw2,unclear,NG,NG,1,7,24,0,0,0,0,0,0,0,0,0,0,0,0,0,0,0,0,0
1/21/20,Twelve,Initial,,lots of umw dueling going on in this group,,,67,15,,,4,1,1,SP,F20,,,,,,,,J,F20/1,umw,not scanned,not scanned,not scanned,1,6,25,0,0,0,0,0,0,0,0,0,0,0,0,0,0,0,0,0
4/14/22,Eighteen,Final,1,,1,1,22,9,136,5,13,1,1,IP,RL86BI,,,,,,,,AJ,RL86B1(112C),B,W,W,W,0,0,0,0,0,0,0,0,0,0,1,0,0,0,0,0,5,5,5,0
4/14/22,Eighteen,Final,1,,1,1,22,9,136,5,13,1,1,IP,RL86BI,,,,,,,,AJ,RL86B1(112C),Y,W,W,W,0,0,0,0,0,0,0,0,0,0,1,2,0,0,0,0,1,1,7,0
3/16/21,Eighteen,Initial,,,,,92,21,,,10,1,1,IP,R5,,,,,,,,AF,R5(117C),BGB,W,W,W,0,0,0,0,0,0,0,0,0,0,1,2,2,2,3,0,0,3,1,0
4/14/21,Eighteen,Initial,,,,,115,31,,,12,1,1,IP,R3,,,,,,,,AB,R3BA(3),WBW,W,W,W,0,0,0,0,0,0,0,0,0,0,1,0,1,1,1,0,0,1,4,0
4/14/21,Eighteen,Initial,,,,,115,31,,,12,1,1,IP,R3,,,,,,,,AB,R3BA(3),O,W,W,W,0,0,0,0,0,0,0,0,0,0,0,0,0,0,0,0,0,0,1,0
4/14/21,Eighteen,Initial,,,,,115,31,,,12,1,1,IP,R3,,,,,,,,AB,R3BA(3),BWB,W,W,W,0,0,0,0,0,0,0,0,0,0,0,0,0,0,0,0,0,0,9,0
4/14/21,Eighteen,Initial,,,,,115,31,,,12,1,1,IP,R3,,,,,,,,AB,R3BA(3),YGY,W,W,W,0,0,0,0,0,0,0,0,0,0,0,0,0,0,0,0,0,0,13,0
8/31/21,Eighteen,Initial,,,,,72,3,,,7,1,1,IP,F105,,,,,,,,E,F105,G,W,W,W,0,0,0,0,0,0,0,0,0,0,0,0,0,0,1,0,0,1,7,0
8/31/21,Eighteen,Initial,,,,,72,3,,,7,1,1,IP,F105,,,,,,,,E,F105,GO,W,W,W,0,0,0,0,0,0,0,0,0,0,0,0,0,0,0,0,0,0,14,0
1/19/22,Eighteen,Initial,,,,,71,3,,,7,1,1,IP,SAFC13,,,,,,,,AU,SAFC13A,BOB,W,W,W,0,0,0,0,0,0,0,0,0,0,0,0,0,0,0,0,0,0,14,0
1/19/22,Eighteen,Initial,,,,,71,3,,,7,1,1,IP,SAFC13,,,,,,,,AU,SAFC13A,B,W,W,W,0,0,0,0,0,0,0,0,0,0,0,0,0,0,0,0,0,0,14,0
10/9/19,Twelve,Initial,,,,,84,1,,,5,1,1,IP,R4,,,,,,,,AD,R4A(83),B,W,W,W,0,0,0,0,0,0,0,0,0,0,0,0,2,2,0,2,2,4,1,0
10/9/19,Twelve,Initial,,,,,84,1,,,5,1,1,IP,R4,,,,,,,,AD,R4A(83),umw,W,W,W,0,0,0,0,0,0,1,2,0,0,0,0,0,0,0,0,0,0,0,0
10/10/19,Twelve,Initial,,,,,129,5,,,8,1,1,IP,47BC/2,,,,,,,,A,47BC/2,GOM,W,W,W,0,0,0,0,0,0,0,0,0,0,0,0,0,0,0,0,0,0,12,0
12/17/19,Twelve,Initial,,,,,113,4,,,7,1,1,IP,SAFC 9,,,,,,,,AQ,SAFC 9,G,W,W,W,0,0,0,0,0,0,0,0,0,0,0,0,0,0,0,0,0,0,14,0
12/19/19,Twelve,Initial,,,,,77,16,,,5,1,1,IP,F21,,,,,,,,L,F21/1A,WGW,W,W,W,0,0,0,1,1,0,0,0,0,0,0,1,0,0,0,0,0,0,12,0
12/19/19,Twelve,Initial,,,,,77,16,,,5,1,1,IP,F21,,,,,,,,L,F21/1A,YWY,W,W,W,0,0,0,0,0,0,0,0,0,0,0,0,0,0,0,0,0,0,14,0
6/3/20,Twelve,Initial,,,,,67,1,,,6,1,1,IP,R15,,,,,,,,V,R15A(118E),green,W,W,W,0,0,0,0,0,0,0,0,0,0,0,0,0,0,0,0,0,0,14,0
4/14/22,Eighteen,Final,,,0,1,25,0,69,1,3,1,1,SP,R3,,,,,,,,AC,R3BA3A,YBY,W,W,W,0,0,0,0,0,0,0,0,0,0,0,1,0,0,0,0,0,0,0,0
4/14/22,Eighteen,Final,,,0,1,25,0,69,1,3,1,1,SP,R3,,,,,,,,AC,R3BA3A,BGB,NG1,W,W,1,0,0,0,0,0,0,0,0,0,0,0,0,0,0,0,0,0,0,0
4/14/22,Eighteen,Final,,,0,1,25,0,69,1,3,1,1,SP,R3,,,,,,,,AC,R3BA3A,BOB,NG1,W,W,1,0,0,0,0,0,0,0,0,0,0,0,0,0,0,0,0,0,0,0
4/14/22,Eighteen,Final,,,0,1,25,0,69,1,3,1,1,SP,R3,,,,,,,,AC,R3BA3A,GOG,NG1,W,W,1,0,0,0,0,0,0,0,0,0,1,0,0,0,0,0,0,0,0,0
4/14/22,Eighteen,Final,,,0,1,25,0,69,1,3,1,1,SP,R3,0,1,0,0,2.331,,,AC,R3BA3A,BGO,unclear,W,W,1,1,1,0,0,0,0,0,0,0,0,0,0,0,0,0,0,0,0,0
4/14/22,Eighteen,Final,,,0,1,25,0,69,1,3,1,1,SP,R3,,,,,,,,AC,R3BA3A,BOMO,NG1,W,W,1,0,0,0,0,0,0,0,0,0,2,0,0,0,0,0,0,0,0,0
12/29/20,Eighteen,Initial,,,,,107,7,,,7,1,1,SP,SAFC17,,,,,,,,AO,SAFC 17,YGY,W,W,W,0,0,0,0,0,0,0,0,0,0,0,0,0,0,0,0,0,0,11,0
12/29/20,Eighteen,Initial,,,,,107,7,,,7,1,1,SP,SAFC17,,,,,,,,AO,SAFC 17,BYB,W,W,W,0,0,0,0,0,0,0,0,0,0,0,0,0,0,0,0,0,0,12,0
1/28/21,Eighteen,Initial,,,,,98,2,,,8,1,1,SP,109,,,,,,,,AG,RGB(109),POP,W,W,W,0,0,0,0,0,0,0,0,0,0,0,0,0,0,0,0,0,0,10,1
3/18/21,Eighteen,Initial,,,,,104,56,,,9,1,1,SP,R22,,,,,,,,Z,R22G/1(49B),GOG,W,W,W,0,0,0,0,0,0,0,0,0,0,0,0,0,0,0,0,0,0,0,0
3/18/21,Eighteen,Initial,,,,,104,56,,,9,1,1,SP,R22,,,,,,,,Z,R22G/1(49B),BWB,W,W,W,0,0,0,0,0,0,0,0,0,0,1,0,0,0,0,0,0,0,11,0
3/18/21,Eighteen,Initial,,,,,104,56,,,9,1,1,SP,R22,,,,,,,,Z,R22G/1(49B),WBW,W,W,W,0,0,0,0,0,0,0,0,0,0,0,0,0,0,0,0,0,0,10,0
4/14/21,Eighteen,Initial,,,,,110,13,,,11,1,1,SP,F100,,,,,,,,C,F100A,OYO(-/slv),W,W,W,0,0,0,0,0,0,0,0,0,0,0,0,0,0,0,0,0,0,11,0
5/5/21,Eighteen,Initial,,,,,71,3,,,5,1,1,SP,F105,,,,,,,,F,F105/2,YOY,W,W,W,0,0,0,0,0,0,0,0,0,0,0,3,0,0,0,0,0,0,11,0
5/5/21,Eighteen,Initial,,,,,71,3,,,5,1,1,SP,F105,,,,,,,,F,F105/2,OWO,W,W,W,0,0,0,0,0,0,0,0,0,0,2,2,2,2,0,0,0,0,1,0
5/5/21,Eighteen,Initial,,,,,103,9,,,6,1,1,SP,F32,,,,,,,,O,F32A,WYW,W,W,W,0,0,0,0,0,0,0,0,0,0,0,2,1,1,0,0,0,0,13,0
12/6/21,Eighteen,Initial,,,,,82,1,,,10,1,1,SP,F103,,,,,,,,D,F103,PGP,W,W,W,0,0,0,0,0,0,0,0,0,0,0,0,0,0,0,0,0,0,13,0
1/19/22,Eighteen,Initial,,,,,113,9,,,17,1,1,SP,SAFC10,,,,,,,,AR,SAFC10,WMG,W,W,W,0,0,0,0,0,0,0,0,0,0,0,0,0,0,0,0,0,0,13,0
1/19/22,Eighteen,Initial,,,,,113,9,,,17,1,1,SP,SAFC10,,,,,,,,AR,SAFC10,YOG,W,W,W,0,0,0,0,0,0,0,0,0,0,0,0,0,0,0,0,0,0,13,0
10/9/19,Twelve,Initial,,,,,88,31,,,6,1,1,SP,F21,,,,,,,,K,F21/1,WGW,W,W,W,0,2,4,0,0,0,0,0,0,0,0,1,0,0,0,0,0,0,2,0
10/9/19,Twelve,Initial,,,,,88,31,,,6,1,1,SP,F21,,,,,,,,K,F21/1,WOW,W,W,W,0,0,0,0,0,0,0,0,0,0,2,0,0,0,0,0,0,0,1,0
10/9/19,Twelve,Initial,,,,,88,31,,,6,1,1,SP,F21,,,,,,,,K,F21/1,YWY,W,W,W,0,0,0,0,0,0,0,0,0,0,0,0,0,0,0,0,0,0,2,0
10/9/19,Twelve,Initial,,,,,88,31,,,6,1,1,SP,F21,,,,,,,,K,F21/1,OGO,W,W,W,0,0,0,0,0,0,0,0,0,0,0,0,0,0,0,0,0,0,4,0
10/9/19,Twelve,Initial,,,,,88,31,,,6,1,1,SP,F21,,,,,,,,K,F21/1,OWO,W,W,W,0,0,0,0,0,0,0,0,0,0,0,0,0,0,0,0,0,0,10,0
12/17/19,Twelve,Initial,,,,,127,11,,,7,1,1,SP,R4,,,,,,,,AE,R4A(83)B,WPW,W,W,W,0,0,0,0,0,0,0,0,0,0,0,0,0,0,0,0,0,0,14,0
12/17/19,Twelve,Initial,,,,,127,11,,,7,1,1,SP,R4,,,,,,,,AE,R4A(83)B,BWG,W,W,W,0,0,0,0,0,0,0,0,0,0,0,0,0,0,0,0,0,0,14,0
12/17/19,Twelve,Initial,,,,,127,11,,,7,1,1,SP,R4,,,,,,,,AE,R4A(83)B,WBG,W,W,W,0,0,0,0,0,0,0,0,0,0,0,0,0,0,0,0,0,0,13,0
12/19/19,Twelve,Initial,,,,,71,22,,,12,1,1,SP,F48,,,,,,,,Q,F48,YGY,W,W,W,0,0,0,0,0,0,0,0,0,0,1,2,1,2,0,1,0,1,0,0
1/21/20,Twelve,Initial,,,,,67,15,,,4,1,1,SP,F20,,,,,,,,J,F20/1,WYW,W,W,W,0,0,0,0,0,1,0,0,0,0,1,1,0,0,0,1,0,1,5,0
1/21/20,Twelve,Initial,,,,,67,15,,,4,1,1,SP,F20,,,,,,,,J,F20/1,YOY,W,W,W,0,0,0,0,0,0,0,0,0,0,0,1,0,0,0,0,0,0,9,0
2/5/20,Twelve,Initial,,,,,86,2,,,7,1,1,SP,T3A2,,,,,,,,AY,T3A2(66),PYP,W,W,W,0,0,0,1,1,1,0,0,0,0,0,1,0,0,0,0,0,0,8,0
6/2/20,Twelve,Initial,,,,,85,6,,,9,1,1,SP,RP5/2,,,,,,,,AL,RP5/2(1B),O,W,W,W,0,0,0,0,0,0,0,0,0,0,0,0,0,0,0,0,0,0,14,0
6/2/20,Twelve,Initial,,,,,85,6,,,9,1,1,SP,RP5/2,,,,,,,,AL,RP5/2(1B),WOW,W,W,W,0,0,0,0,0,0,0,0,0,0,0,0,0,0,0,0,0,0,14,0
6/2/20,Twelve,Initial,,,,,85,6,,,9,1,1,SP,RP5/2,,,,,,,,AL,RP5/2(1B),GO,W,W,W,0,0,0,0,0,0,0,0,0,0,0,0,0,0,1,1,0,2,0,0
6/3/20,Twelve,Initial,,,,,62,2,,,7,1,1,SP,SAFC12,,,,,,,,AS,SAFC12A,GBG,W,W,W,0,0,0,0,0,0,0,0,0,0,0,0,0,0,0,0,0,0,14,0