Date,Interval,Time,DeadGams,Notes,Revertgams,Newgams,GroupSize,Pupae,eggs,larvae,NumGams,multigam,multigam2,Treatment,SourceCol,PHOTO_YO,PHOTO_MATED,PHOTO_YB,cricket,headwidth_mm,difference_numduel,diff_duelpergam,diff_duelperpropgam,diffcalc,indcode,Colcode,Colony,Mark,Status_Scanobs,status2,status3,omit,Duel,NumDuel,duelpergam,duelperpropgam,Antennaldrumming,Numantdrum,Recantdrum,Domperf,NumDomperf,Domrec,NumDomrec,Allogrooming,Recgrooming,WalkOver,NumWalkover,HandlePupae,Handlinglarv,Handlingoldeggs,BroodHandling,Outside,Time Outside
10/10/19,Twelve,Initial,,,,,129,5,,,8,1,1,IP,47BC/2,,,,,,34.00,6.08,0.51,1.00,1,A,47BC/2,YGM,G,G,G,0,3,10,1.25,0.009689922,0,0,0,0,0,0,0,1,0,0,0,0,0,0,0,0,0
10/10/19,Twelve,Initial,,,,,129,5,,,8,1,1,IP,47BC/2,,,,,,113.00,19.63,1.55,1.00,2,A,47BC/2,GOY,G,G,G,0,3,19,2.375,0.018410853,0,0,0,1,1,0,0,0,0,0,0,0,0,0,0,0,0
10/10/19,Twelve,Initial,,,,,129,5,,,8,1,1,IP,47BC/2,,,,,,54.00,9.67,0.82,1.00,3,A,47BC/2,GYM,G,G,G,0,3,16,2,0.015503876,0,0,0,0,0,0,0,0,0,0,0,0,0,0,0,0,0
10/10/19,Twelve,Initial,,,,,129,5,,,8,1,1,IP,47BC/2,,,,,,73.00,12.63,0.99,1.00,4,A,47BC/2,YOB,G,G,G,0,2,11,1.375,0.010658915,0,0,0,1,1,0,0,0,0,0,0,0,0,0,0,0,0
10/10/19,Twelve,Initial,,,,,129,5,,,8,1,1,IP,47BC/2,,,,,,-2.00,-0.25,0.00,1.00,5,A,47BC/2,YBM,G,G,RG,1,1,2,0.25,0.001937984,0,0,0,0,0,0,0,0,0,0,0,0,0,0,0,0,0
10/10/19,Twelve,Initial,,,,,129,5,,,8,1,1,IP,47BC/2,,,,,,119.00,20.42,1.57,1.00,6,A,47BC/2,YMB,G,G,G,0,2,14,1.75,0.013565891,0,0,0,0,0,0,0,0,0,0,0,0,0,0,0,0,0
10/10/19,Twelve,Initial,,,,,129,5,,,8,1,1,IP,47BC/2,,,,,,100.00,16.71,1.20,1.00,7,A,47BC/2,YGB,G,G,G,0,1,1,0.125,0.000968992,0,0,0,0,0,0,0,1,0,0,0,0,0,0,0,0,0
10/10/19,Twelve,Initial,,,,,129,5,,,8,1,1,IP,47BC/2,,,,,,140.00,23.71,1.77,1.00,8,A,47BC/2,BYM,G,G,G,1,2,9,1.125,0.00872093,0,0,0,0,0,0,0,0,0,0,0,0,0,0,0,2,0
12/18/19,Twelve,Initial,,,,,82,13,,,8,1,1,IP,S1,,,,,,0.00,0.00,0.00,1.00,9,B,51 A/2(+)(99B),G,G,G,G,0,0,0,0,0,0,0,0,0,0,0,0,0,0,0,0,0,0,0,0,0,0
12/18/19,Twelve,Initial,,,,,82,13,,,8,1,1,IP,S1,,,,,,-2.00,-0.25,0.00,1.00,10,B,51 A/2(+)(99B),Y,G,G,G,0,1,2,0.25,0.00304878,0,0,0,1,2,0,0,1,0,0,0,0,0,0,0,0,0
12/18/19,Twelve,Initial,,,,,82,13,,,8,1,1,IP,S1,,,,,,-5.00,-0.63,-0.01,1.00,11,B,51 A/2(+)(99B),W,G,G,G,0,1,5,0.625,0.007621951,1,1,0,1,2,0,0,0,0,0,0,0,1,0,1,0,0
12/18/19,Twelve,Initial,,,,,82,13,,,8,1,1,IP,S1,,,,,,0.00,0.00,0.00,1.00,12,B,51 A/2(+)(99B),O,G,G,G,0,0,0,0,0,0,0,0,0,0,0,0,0,0,0,0,0,0,0,0,0,0
12/18/19,Twelve,Initial,,,,,82,13,,,8,1,1,IP,S1,,,,,,9.00,1.13,0.09,1.00,13,B,51 A/2(+)(99B),B,G,G,G,0,0,0,0,0,0,0,0,0,0,0,0,0,0,0,0,0,0,0,0,0,0
12/18/19,Twelve,Initial,,,,,82,13,,,8,1,1,IP,S1,,,,,,-2.00,-0.25,0.01,1.00,14,B,51 A/2(+)(99B),BWB,G,G,G,0,1,3,0.375,0.004573171,0,0,0,1,3,0,0,0,0,0,0,0,1,0,1,0,0
12/18/19,Twelve,Initial,,,,,82,13,,,8,1,1,IP,S1,,,,,,0.00,0.00,0.00,1.00,15,B,51 A/2(+)(99B),WBW,G,G,G,0,0,0,0,0,1,1,0,0,0,0,0,0,0,0,0,0,0,0,0,0,0
12/18/19,Twelve,Initial,,,,,82,13,,,8,1,1,IP,S1,,,,,,8.00,1.00,0.12,1.00,16,B,51 A/2(+)(99B),OBO,G,G,G,0,1,4,0.5,0.006097561,0,0,0,0,0,0,0,0,0,0,0,0,0,0,0,0,0
4/14/21,Eighteen,Initial,,,,,110,13,,,11,1,0,SP,F100,,,,,,-32.00,-2.91,-0.03,1.00,17,C,F100A,OWO,G,G,G,0,4,32,2.909090909,0.026446281,1,1,0,0,0,0,0,0,0,0,0,0,0,0,0,1,0
12/6/21,Eighteen,Initial,,,,,82,1,,,10,1,1,SP,F103,,,,,,-13.00,-1.30,-0.02,1.00,18,D,F103,YGY,G,G,G,0,1,13,1.3,0.015853659,0,0,0,0,0,0,0,0,1,0,0,0,0,0,0,0,0
12/6/21,Eighteen,Initial,,,,,82,1,,,10,1,1,SP,F103,,,,,,0.00,0.00,0.00,1.00,19,D,F103,YOY,G,G,G,0,0,0,0,0,1,1,0,0,0,0,0,0,0,0,0,0,0,0,0,0,0
12/6/21,Eighteen,Initial,,,,,82,1,,,10,1,1,SP,F103,,,,,,0.00,0.00,0.00,1.00,20,D,F103,OWO,W,W,W,0,0,0,0,0,0,0,0,0,0,0,0,1,3,0,0,0,0,0,0,13,0
12/6/21,Eighteen,Initial,,,,,82,1,,,10,1,1,SP,F103,,,,,,0.00,0.00,0.00,1.00,21,D,F103,OB,W,W,W,0,0,0,0,0,0,0,0,0,0,0,0,0,1,0,0,0,0,0,0,14,0
12/6/21,Eighteen,Initial,,,,,82,1,,,10,1,1,SP,F103,,,,,,0.00,0.00,0.00,1.00,22,D,F103,YMO,W,W,W,0,0,0,0,0,0,0,0,0,0,0,0,0,0,0,0,0,0,0,0,14,0
8/31/21,Eighteen,Initial,,,,,72,3,,,7,1,1,IP,F105,,,,,,-3.00,-0.43,-0.01,1.00,23,E,F105,GOG,G,G,G,0,1,3,0.428571429,0.005952381,2,2,0,0,0,0,0,0,1,0,0,0,0,0,0,0,0
8/31/21,Eighteen,Initial,,,,,72,3,,,7,1,1,IP,F105,,,,,,1.00,0.19,0.04,1.00,24,E,F105,YGY,G,G,G,0,1,1,0.142857143,0.001984127,0,0,0,0,0,0,0,0,0,0,0,0,0,0,0,1,0
8/31/21,Eighteen,Initial,,,,,72,3,,,7,1,1,IP,F105,,,,,,23.00,3.86,0.44,1.00,25,E,F105,GYG,G,G,G,0,1,1,0.142857143,0.001984127,1,1,0,0,0,0,0,0,0,0,0,0,0,0,0,0,0
8/31/21,Eighteen,Initial,,,,,72,3,,,7,1,1,IP,F105,,,,,,11.00,1.83,0.20,1.00,26,E,F105,GOW,G,G,G,0,0,0,0,0,0,0,0,0,0,0,0,0,0,0,0,0,0,0,0,0,0
8/31/21,Eighteen,Initial,,,,,72,3,,,7,1,1,IP,F105,,,,,,4.00,0.79,0.16,1.00,27,E,F105,OBO,G,G,G,0,1,5,0.714285714,0.009920635,0,0,0,0,0,0,0,0,0,0,0,0,0,0,0,0,0
8/31/21,Eighteen,Initial,,,,,72,3,,,7,1,1,IP,F105,,,,,,0.00,0.00,0.00,1.00,28,E,F105,WGW,G,G,G,0,0,0,0,0,0,0,0,0,0,0,0,0,0,0,0,0,0,0,0,0,0
5/5/21,Eighteen,Initial,,,,,71,3,,,5,1,0,SP,F105,,,,,,0.00,0.00,0.00,1.00,29,F,F105/2,GWG,W,W,W,0,0,0,0,0,0,0,0,0,0,0,0,2,3,0,0,0,1,0,1,12,0
5/5/21,Eighteen,Initial,,,,,71,3,,,5,1,0,SP,F105,,,,,,-8.00,-1.60,-0.02,1.00,30,F,F105/2,OGO,G,G,G,0,3,8,1.6,0.022535211,0,0,0,0,0,0,0,0,1,0,0,0,0,0,0,0,0
5/5/21,Eighteen,Initial,,,,,71,3,,,5,1,0,SP,F105,,,,,,-5.00,-1.00,-0.01,1.00,31,F,F105/2,OYO,W,W,W,0,1,5,1,0.014084507,0,0,0,1,1,0,0,3,1,0,0,0,0,0,0,3,0
10/4/19,Twelve,Initial,,,,,67,3,,,7,1,1,SP,F107,,,,,,-3.00,-0.43,-0.01,1.00,32,G,F107/1,OG,G,G,G,0,1,3,0.428571429,0.006396588,1,1,0,0,0,0,0,0,0,0,0,0,0,0,0,0,0
10/4/19,Twelve,Initial,,,,,67,3,,,7,1,1,SP,F107,,,,,,-8.00,-1.14,-0.02,1.00,33,G,F107/1,GGY(-/BLU),G,G,G,0,2,8,1.142857143,0.017057569,1,3,0,0,0,0,0,0,0,0,0,0,0,0,0,0,0
10/4/19,Twelve,Initial,,,,,67,3,,,7,1,1,SP,F107,,,,,,1.00,0.50,0.03,1.00,34,G,F107/1,YB,W,W,W,0,0,0,0,0,0,0,0,0,0,0,0,0,1,0,0,0,0,0,0,6,0
10/4/19,Twelve,Initial,,,,,67,3,,,7,1,1,SP,F107,,,,,,1.00,0.50,0.03,1.00,35,G,F107/1,white (previously umw),W,W,NG,1,0,0,0,0,0,0,0,0,0,0,0,0,0,0,0,0,0,0,0,1,0
3/16/21,Eighteen,Initial,,,,,94,16,,,8,1,1,SP,F111,,,,,,-7.00,-0.88,-0.01,1.00,36,H,F111,WBW,G,G,G,0,3,7,0.875,0.009308511,0,0,0,0,0,0,0,0,0,0,0,1,0,0,1,0,0
3/16/21,Eighteen,Initial,,,,,94,16,,,8,1,1,SP,F111,,,,,,-9.00,-1.13,-0.01,1.00,37,H,F111,POP,G,G,G,0,3,9,1.125,0.011968085,0,0,0,0,0,0,0,0,0,0,0,0,0,0,0,0,0
12/6/21,Eighteen,Initial,,,,,67,0,,,6,1,1,IP,F111,,,,,,-51.00,-8.50,-0.13,1.00,38,I,F111/1,PGP,G,G,G,0,7,51,8.5,0.126865672,1,1,0,1,1,0,0,0,0,0,0,0,0,0,0,0,0
12/6/21,Eighteen,Initial,,,,,67,0,,,6,1,1,IP,F111,,,,,,-16.00,-2.67,-0.04,1.00,39,I,F111/1,GPG,G,G,G,0,5,16,2.666666667,0.039800995,2,4,0,0,0,0,0,1,0,1,1,0,0,0,0,1,0
12/6/21,Eighteen,Initial,,,,,67,0,,,6,1,1,IP,F111,,,,,,-68.00,-11.33,-0.17,1.00,40,I,F111/1,WPW,G,G,G,0,7,68,11.33333333,0.169154229,0,0,0,0,0,0,0,0,0,0,0,0,0,1,1,1,0
12/6/21,Eighteen,Initial,,,,,67,0,,,6,1,1,IP,F111,,,,,,-33.00,-5.50,-0.08,1.00,41,I,F111/1,PWP,G,G,G,0,5,33,5.5,0.082089552,1,1,0,0,0,0,0,0,0,0,0,0,0,0,0,0,0
12/6/21,Eighteen,Initial,,,,,67,0,,,6,1,1,IP,F111,,,,,,-35.00,-5.83,-0.09,1.00,42,I,F111/1,PBP,G,G,G,0,3,35,5.833333333,0.087064677,2,3,0,0,0,0,0,0,0,1,1,0,0,0,0,1,0
1/21/20,Twelve,Initial,,,,,67,15,,,4,1,0,SP,F20,,,,,,201.00,211.50,14.28,1.00,43,J,F20/1,P,G,G,G,0,1,14,3.5,0.052238806,1,1,0,0,0,0,0,0,0,0,0,0,1,0,1,0,0
1/21/20,Twelve,Initial,,,,,67,15,,,4,1,0,SP,F20,,,,,,140.00,163.25,11.28,1.00,44,J,F20/1,W,unclear,W,NG,1,7,31,7.75,0.115671642,1,1,0,0,0,0,0,1,1,1,1,0,1,0,1,0,0
1/21/20,Twelve,Initial,,,,,67,15,,,4,1,0,SP,F20,,,,,,11.00,20.75,1.55,1.00,45,J,F20/1,WGW,unclear,W,NG,1,6,13,3.25,0.048507463,3,5,0,0,0,0,0,0,0,1,1,0,0,0,0,0,0
1/21/20,Twelve,Initial,,,,,67,15,,,4,1,0,SP,F20,,,,,,-1.00,-0.25,0.00,1.00,46,J,F20/1,WPW,W,W,W,0,1,1,0.25,0.003731343,0,0,1,0,0,0,0,0,0,1,1,0,1,0,1,0,0
1/21/20,Twelve,Initial,,,,,67,15,,,4,1,0,SP,F20,,,,,,153.00,153.75,10.26,1.00,47,J,F20/1,YWY,unclear,W,NG,1,1,1,0.25,0.003731343,0,0,0,0,0,0,0,0,0,0,0,0,1,1,2,0,0
1/21/20,Twelve,Initial,,,,,67,15,,,4,1,0,SP,F20,,,,,,12.00,12.00,0.80,1.00,48,J,F20/1,YBY,W,W,W,0,0,0,0,0,0,0,0,0,0,0,0,0,1,1,1,0,0,0,0,6,0
1/21/20,Twelve,Initial,,,,,67,15,,,4,1,0,SP,F20,,,,,,-2.00,-0.50,-0.01,1.00,49,J,F20/1,YGY,W,W,W,0,1,2,0.5,0.007462687,1,1,0,0,0,0,0,0,0,0,0,0,0,0,0,3,0
10/9/19,Twelve,Initial,,,,,88,31,,,6,1,0,SP,F21,,,,,,-4.00,-0.67,-0.01,1.00,50,K,F21/1,O,G,G,G,0,1,4,0.666666667,0.007575758,2,2,0,1,0,0,0,0,0,0,0,0,0,0,0,0,0
10/9/19,Twelve,Initial,,,,,88,31,,,6,1,0,SP,F21,,,,,,-13.00,-2.17,-0.02,1.00,51,K,F21/1,Y,W,W,W,0,4,13,2.166666667,0.024621212,3,11,0,0,0,0,0,1,1,0,0,0,0,0,0,0,0
10/9/19,Twelve,Initial,,,,,88,31,,,6,1,0,SP,F21,,,,,,0.00,0.00,0.00,1.00,52,K,F21/1,B,W,W,W,0,0,0,0,0,0,0,0,0,0,0,0,0,0,0,0,0,0,1,1,0,0
10/9/19,Twelve,Initial,,,,,88,31,,,6,1,0,SP,F21,,,,,,0.00,0.00,0.00,1.00,53,K,F21/1,WPW,W,W,W,0,0,0,0,0,0,0,0,0,0,0,0,0,0,2,2,0,0,0,0,0,0
10/9/19,Twelve,Initial,,"scanobs makes it look unclear at Initial, but safe to assume it is W",,,88,31,,,6,1,0,SP,F21,,,,,,0.00,0.00,0.00,1.00,54,K,F21/1,YPY,W,W,W,0,0,0,0,0,0,0,0,0,0,0,0,1,0,0,0,0,0,0,0,4,0
10/9/19,Twelve,Initial,,,,,88,31,,,6,1,0,SP,F21,,,,,,-2.00,-0.33,0.00,1.00,55,K,F21/1,OYO,W,W,W,0,1,2,0.333333333,0.003787879,1,2,0,0,0,0,0,0,2,0,0,0,0,0,0,1,0
10/9/19,Twelve,Initial,,,,,88,31,,,6,1,0,SP,F21,,,,,,0.00,0.00,0.00,1.00,56,K,F21/1,BOB,W,W,W,0,0,0,0,0,0,0,0,0,0,0,0,1,1,0,0,0,0,0,0,0,0
12/19/19,Twelve,Initial,,,,,77,16,,,5,1,1,IP,F21,,,,,,0.00,0.00,0.00,1.00,57,L,F21/1A,WYW,G,G,G,0,0,0,0,0,2,6,0,0,0,0,0,0,0,0,0,0,0,0,0,0,0
12/19/19,Twelve,Initial,,,,,77,16,,,5,1,1,IP,F21,,,,,,0.00,0.00,0.00,1.00,58,L,F21/1A,YBY,G,G,G,0,0,0,0,0,0,0,0,0,0,0,0,0,0,0,0,0,0,0,0,0,0
12/19/19,Twelve,Initial,,,,,77,16,,,5,1,1,IP,F21,,,,,,0.00,0.00,0.00,1.00,59,L,F21/1A,G,G,G,G,0,0,0,0,0,0,0,0,0,0,0,0,0,0,0,0,0,0,0,0,0,0
12/19/19,Twelve,Initial,,,,,77,16,,,5,1,1,IP,F21,,,,,,0.00,0.00,0.00,1.00,60,L,F21/1A,OBO,G,G,G,0,0,0,0,0,0,0,0,0,0,0,0,0,0,0,0,0,0,0,0,0,0
12/6/21,Eighteen,Initial,,,,,113,3,,,4,1,1,SP,F30,,,,,,-1.00,0.50,0.03,1.00,61,M,F30,OBO,G,G,G,0,2,10,2.5,0.022123894,0,0,0,1,1,0,0,0,0,0,0,0,0,0,0,1,0
12/6/21,Eighteen,Initial,,,,,113,3,,,4,1,1,SP,F30,,,,,,-11.00,-1.58,0.03,1.00,62,M,F30,BOB,G,G,G,0,5,25,6.25,0.055309735,0,0,0,1,2,0,0,0,0,0,0,0,2,0,2,0,0
12/6/21,Eighteen,Initial,,,,,113,3,,,4,1,1,SP,F30,,,,,,-45.00,-9.67,-0.02,1.00,63,M,F30,GOG,G,G,G,0,5,64,16,0.14159292,0,0,0,0,0,0,0,0,0,0,0,0,0,0,0,1,0
1/28/21,Eighteen,Initial,,,,,83,46,,,8,1,1,IP,F32,,,,,,-56.00,-7.00,0.02,1.00,64,N,F32,WGW,G,G,G,0,4,69,8.625,0.103915663,0,0,0,0,0,0,0,0,0,0,0,0,0,0,0,1,0
1/28/21,Eighteen,Initial,,,,,83,46,,,8,1,1,IP,F32,,,,,,14.00,1.75,0.26,1.00,65,N,F32,OYO,G,G,G,0,1,15,1.875,0.022590361,1,2,0,0,0,0,0,0,0,0,0,0,0,0,0,0,0
1/28/21,Eighteen,Initial,,,,,83,46,,,8,1,1,IP,F32,,,,,,-36.00,-4.50,0.16,1.00,66,N,F32,BOB,G,G,G,0,6,62,7.75,0.093373494,1,1,0,0,0,0,0,0,0,0,0,0,1,0,1,0,0
1/28/21,Eighteen,Initial,,,,,83,46,,,8,1,1,IP,F32,,,,,,-36.00,-4.50,0.16,1.00,67,N,F32,BYB,G,G,G,0,5,62,7.75,0.093373494,0,0,0,0,0,0,0,0,0,0,0,0,1,1,2,0,0
1/28/21,Eighteen,Initial,,,,,83,46,,,8,1,1,IP,F32,,,,,,-40.00,-5.00,0.02,1.00,68,N,F32,GWG,G,G,G,0,5,50,6.25,0.075301205,2,2,0,0,0,0,0,0,0,0,0,0,1,1,2,0,0
1/28/21,Eighteen,Initial,,,,,83,46,,,8,1,1,IP,F32,,,,,,-127.00,-15.88,-0.19,1.00,69,N,F32,OGO,G,G,G,0,8,127,15.875,0.19126506,0,0,0,0,0,0,0,0,0,0,0,0,0,0,0,0,0
1/28/21,Eighteen,Initial,,,,,83,46,,,8,1,1,IP,F32,,,,,,-68.00,-8.50,-0.03,1.00,70,N,F32,OBO,G,G,G,0,4,77,9.625,0.115963855,0,0,0,0,0,0,0,0,0,0,0,0,0,0,0,1,0
1/28/21,Eighteen,Initial,,,,,83,46,,,8,1,1,IP,F32,,,,,,-47.00,-5.88,-0.07,1.00,71,N,F32,OPO,G,G,G,0,5,47,5.875,0.070783133,0,0,0,0,0,0,0,0,0,0,0,0,0,0,0,0,0
5/5/21,Eighteen,Initial,,,,,103,9,,,6,1,1,SP,F32,,,,,,-76.00,-12.67,-0.12,1.00,72,O,F32A,YBY,G,G,G,0,7,76,12.66666667,0.122977346,2,3,0,1,1,0,0,0,0,0,0,0,0,0,0,0,0
5/5/21,Eighteen,Initial,,,,,103,9,,,6,1,1,SP,F32,,,,,,-108.00,-18.00,-0.17,1.00,73,O,F32A,BYB,G,G,G,0,7,108,18,0.174757282,3,7,0,0,0,0,0,0,0,0,0,1,1,0,2,0,0
5/5/21,Eighteen,Initial,,,,,103,9,,,6,1,1,SP,F32,,,,,,-192.00,-32.00,-0.31,1.00,74,O,F32A,MYM,G,G,RG,1,10,192,32,0.310679612,2,2,0,1,1,0,0,0,0,0,0,0,0,0,0,0,0
1/21/20,Twelve,Initial,,,,,64,1,,,9,1,1,IP,F44,,,,,,5.00,0.71,0.05,1.00,75,P,F44,OB(-/slv),G,G,G,0,0,0,0,0,0,0,0,0,0,0,0,0,0,0,0,0,0,0,0,0,0
1/21/20,Twelve,Initial,,,,,64,1,,,9,1,1,IP,F44,,,,,,1.00,0.17,0.02,1.00,76,P,F44,W(-/lem),G,G,G,0,1,1,0.111111111,0.001736111,0,0,0,0,0,0,0,0,0,0,0,0,0,0,0,0,0
1/21/20,Twelve,Initial,,,,,64,1,,,9,1,1,IP,F44,,,,,,1.00,0.21,0.03,1.00,77,P,F44,B (-/blue),G,G,G,0,1,2,0.222222222,0.003472222,1,1,0,0,0,0,0,0,0,0,0,0,0,0,0,0,0
1/21/20,Twelve,Initial,,,,,64,1,,,9,1,1,IP,F44,,,,,,-1.00,-0.11,0.00,1.00,78,P,F44,G(-/lem),G,G,G,0,1,1,0.111111111,0.001736111,0,0,1,0,0,0,0,0,1,0,0,0,0,1,1,0,0
1/21/20,Twelve,Initial,,,,,64,1,,,9,1,1,IP,F44,,,,,,1.00,0.14,0.01,1.00,79,P,F44,P,G,G,G,0,0,0,0,0,0,0,0,0,0,0,0,0,0,0,0,0,0,0,0,0,0
1/21/20,Twelve,Initial,,,,,64,1,,,9,1,1,IP,F44,,,,,,0.00,0.00,0.00,1.00,80,P,F44,GY(-/olv),G,G,G,0,0,0,0,0,0,0,0,0,0,0,0,0,0,0,0,0,0,0,0,0,0
1/21/20,Twelve,Initial,,,,,64,1,,,9,1,1,IP,F44,,,,,,-2.00,-0.22,0.00,1.00,81,P,F44,BYB,G,G,RG,1,1,2,0.222222222,0.003472222,0,0,0,0,0,0,0,0,0,0,0,0,0,0,0,0,0
1/21/20,Twelve,Initial,,,,,64,1,,,9,1,1,IP,F44,,,,,,1.00,0.14,0.01,1.00,82,P,F44,YBY,G,G,G,0,0,0,0,0,0,0,0,0,0,0,0,0,0,0,0,0,0,0,0,0,0
12/19/19,Twelve,Initial,,,,,71,22,,,12,1,0,SP,F48,,,,,,-6.00,-0.50,-0.01,1.00,83,Q,F48,GPG,G,G,G,0,2,6,0.5,0.007042254,0,0,1,0,0,0,0,0,0,0,0,0,0,0,0,1,0
6/2/20,Twelve,Initial,,,,,95,15,,,8,1,1,IP,F48,,,,,,0.00,0.00,0.00,1.00,84,R,F48A,YWY,G,G,G,0,0,0,0,0,0,0,0,0,0,0,0,0,0,0,0,0,0,0,0,0,0
6/2/20,Twelve,Initial,,,,,95,15,,,8,1,1,IP,F48,,,,,,0.00,0.00,0.02,1.00,85,R,F48A,BGP,G,G,G,0,1,2,0.25,0.002631579,2,3,0,0,0,0,0,0,0,0,0,0,0,0,0,0,0
6/2/20,Twelve,Initial,,,,,95,15,,,8,1,1,IP,F48,,,,,,7.00,0.88,0.06,1.00,86,R,F48A,WGW,G,G,G,0,0,0,0,0,0,0,0,0,0,0,0,0,0,0,0,0,0,0,0,0,0
6/2/20,Twelve,Initial,,,,,95,15,,,8,1,1,IP,F48,,,,,,0.00,0.00,0.00,1.00,87,R,F48A,GPB,G,G,G,0,0,0,0,0,2,2,0,0,0,0,0,0,0,0,0,0,0,0,0,0,0
6/2/20,Twelve,Initial,,,,,95,15,,,8,1,1,IP,F48,,,,,,-6.00,-0.75,-0.01,1.00,88,R,F48A,BGB,G,G,G,0,1,6,0.75,0.007894737,3,3,0,1,4,0,0,0,1,0,0,0,0,0,0,0,0
6/2/20,Twelve,Initial,,,,,95,15,,,8,1,1,IP,F48,,,,,,-8.00,-1.00,-0.01,1.00,89,R,F48A,OWO,G,G,G,0,1,8,1,0.010526316,0,0,0,0,0,0,0,0,0,0,0,0,0,0,0,0,0
6/2/20,Twelve,Initial,,,,,95,15,,,8,1,1,IP,F48,,,,,,0.00,0.00,0.00,1.00,90,R,F48A,WOW,G,G,G,0,0,0,0,0,0,0,0,1,10,0,0,0,0,0,0,0,0,0,0,0,0
6/2/20,Twelve,Initial,,,,,95,15,,,8,1,1,IP,F48,,,,,,4.00,0.50,0.04,1.00,91,R,F48A,GYG,G,G,G,0,0,0,0,0,1,1,0,0,0,0,0,0,1,0,0,0,0,0,0,0,0
7/8/20,Twelve,Initial,,,,,79,6,,,8,1,1,IP,F97/1,,,,,,-10.00,-1.25,-0.01,1.00,92,S,F97/1,PYW,G,G,G,0,2,11,1.375,0.017405063,1,1,0,1,4,0,0,0,0,0,0,0,0,0,0,0,0
7/8/20,Twelve,Initial,,,,,79,6,,,8,1,1,IP,F97/1,,,,,,-15.00,-1.88,-0.01,1.00,93,S,F97/1,PGP,G,G,G,0,5,17,2.125,0.026898734,2,5,0,0,0,0,0,0,0,0,0,0,0,0,0,0,0
7/8/20,Twelve,Initial,,,,,79,6,,,8,1,1,IP,F97/1,,,,,,-13.00,-1.63,-0.02,1.00,94,S,F97/1,YPB,G,G,G,0,4,13,1.625,0.02056962,0,0,2,0,0,0,0,0,0,0,0,0,0,0,0,0,0
7/8/20,Twelve,Initial,,,,,79,6,,,8,1,1,IP,F97/1,,,,,,-1.00,-0.13,0.07,1.00,95,S,F97/1,PWO,G,G,G,0,4,10,1.25,0.015822785,1,1,0,1,4,0,0,0,0,0,0,0,0,0,0,0,0
7/8/20,Twelve,Initial,,,,,79,6,,,8,1,1,IP,F97/1,,,,,,0.00,0.00,0.01,1.00,96,S,F97/1,BOB,G,G,G,0,1,1,0.125,0.001582278,3,4,0,1,2,0,0,0,0,0,0,0,0,0,0,1,0
7/8/20,Twelve,Initial,,,,,79,6,,,8,1,1,IP,F97/1,,,,,,-1.00,-0.13,0.00,1.00,97,S,F97/1,OBO,G,G,G,0,1,1,0.125,0.001582278,1,2,0,0,0,0,0,0,0,0,0,0,0,0,0,1,0
7/8/20,Twelve,Initial,,,,,79,6,,,8,1,1,IP,F97/1,,,,,,-2.00,-0.25,0.03,1.00,98,S,F97/1,OGO,G,G,G,0,1,6,0.75,0.009493671,1,1,1,1,1,0,0,1,0,0,0,0,0,0,0,0,0
7/8/20,Twelve,Initial,,,,,79,6,,,8,1,1,IP,F97/1,,,,,,-8.00,-1.00,0.04,1.00,99,S,F97/1,OYO,G,G,G,0,3,14,1.75,0.022151899,1,1,2,1,1,0,0,0,0,0,0,0,0,0,0,0,0
7/8/20,Twelve,Initial,,,,,79,6,,,8,1,1,IP,F97/1,,,,,,0.00,0.00,0.00,1.00,100,S,F97/1,YOY,W,W,W,0,0,0,0,0,0,0,0,0,0,0,0,1,2,2,2,0,0,0,0,9,0
6/18/20,Twelve,Initial,,,,,87,4,,,10,1,1,IP,R017A,,,,,,-2.00,-0.20,0.00,1.00,101,T,R017A/2(16),YBY,G,G,G,0,2,2,0.2,0.002298851,2,5,0,0,0,0,0,0,0,0,0,0,3,0,3,0,0
6/18/20,Twelve,Initial,,,,,87,4,,,10,1,1,IP,R017A,,,,,,-8.00,-0.80,-0.01,1.00,102,T,R017A/2(16),GMY,G,G,G,0,1,8,0.8,0.009195402,1,1,1,0,0,0,0,0,0,0,0,0,0,0,0,0,0
6/18/20,Twelve,Initial,,,,,87,4,,,10,1,1,IP,R017A,,,,,,8.00,0.80,0.07,1.00,103,T,R017A/2(16),GBG,G,G,G,0,2,3,0.3,0.003448276,2,2,0,0,0,0,0,0,0,0,0,0,1,0,1,0,0
6/18/20,Twelve,Initial,,,,,87,4,,,10,1,1,IP,R017A,,,,,,-15.00,-1.50,0.00,1.00,104,T,R017A/2(16),PGP,G,G,G,0,4,19,1.9,0.02183908,2,4,2,0,0,0,0,0,0,0,0,0,0,0,0,0,0
6/18/20,Twelve,Initial,,,,,87,4,,,10,1,1,IP,R017A,,,,,,-2.00,-0.20,0.01,1.00,105,T,R017A/2(16),YBP,G,G,G,0,1,4,0.4,0.004597701,2,2,0,0,0,0,0,0,0,0,0,0,0,0,0,0,0
6/18/20,Twelve,Initial,,,,,87,4,,,10,1,1,IP,R017A,,,,,,-3.00,-0.30,0.00,1.00,106,T,R017A/2(16),BWB,G,G,G,0,2,3,0.3,0.003448276,4,4,1,0,0,0,0,0,0,0,0,0,0,0,0,0,0
6/18/20,Twelve,Initial,,,,,87,4,,,10,1,1,IP,R017A,,,,,,-11.00,-1.10,-0.01,1.00,107,T,R017A/2(16),PWP,G,G,G,0,5,11,1.1,0.012643678,7,11,2,0,0,0,0,0,0,0,0,0,0,0,0,0,0
6/18/20,Twelve,Initial,,,,,87,4,,,10,1,1,IP,R017A,,,,,,-5.00,-0.50,-0.01,1.00,108,T,R017A/2(16),BYB,G,G,G,0,2,5,0.5,0.005747126,2,2,1,0,0,0,0,0,0,0,0,0,0,0,0,0,0
6/18/20,Twelve,Initial,,,,,87,4,,,10,1,1,IP,R017A,,,,,,-6.00,-0.60,0.00,1.00,109,T,R017A/2(16),GMW,G,G,G,0,2,8,0.8,0.009195402,2,8,0,0,0,0,0,0,0,0,0,0,0,0,0,1,0
6/18/20,Twelve,Initial,,,,,87,4,,,10,1,1,IP,R017A,,,,,,-9.00,-0.90,0.02,1.00,110,T,R017A/2(16),PBP,G,G,G,0,2,15,1.5,0.017241379,2,4,1,0,0,0,0,0,0,0,0,0,0,0,0,0,0
10/10/19,Twelve,Initial,,,,,139,20,,,9,1,1,SP,R15,,,,,,-5.00,-0.56,0.00,1.00,111,U,R15A(118),O,G,G,G,0,3,5,0.555555556,0.003996803,0,0,0,1,1,0,0,0,0,0,0,0,0,0,0,1,0
10/10/19,Twelve,Initial,,,,,139,20,,,9,1,1,SP,R15,,,,,,-21.00,-2.33,-0.02,1.00,112,U,R15A(118),YOY,G,G,G,0,5,21,2.333333333,0.016786571,0,0,0,1,1,0,0,0,0,0,0,0,0,0,0,0,0
6/3/20,Twelve,Initial,,,,,67,1,,,6,1,1,IP,R15,,,,,,-9.00,-1.50,-0.02,1.00,113,V,R15A(118E),white,G,G,G,0,2,9,1.5,0.02238806,2,2,0,0,0,0,0,0,0,0,0,0,0,0,0,0,0
6/3/20,Twelve,Initial,,,,,67,1,,,6,1,1,IP,R15,,,,,,-6.00,-1.00,-0.01,1.00,114,V,R15A(118E),blue,G,G,G,0,3,6,1,0.014925373,1,2,0,0,0,0,0,0,0,0,0,0,0,0,0,0,0
6/3/20,Twelve,Initial,,,,,67,1,,,6,1,1,IP,R15,,,,,,-9.00,-1.50,-0.02,1.00,115,V,R15A(118E),yellow,G,G,G,0,3,9,1.5,0.02238806,4,9,1,0,0,0,0,0,0,0,0,0,0,0,0,0,0
6/3/20,Twelve,Initial,,,,,67,1,,,6,1,1,IP,R15,,,,,,-7.00,-1.17,-0.02,1.00,116,V,R15A(118E),yellow-orange,G,G,G,0,2,7,1.166666667,0.017412935,1,1,0,0,0,0,0,0,0,0,0,0,0,0,0,0,0
6/3/20,Twelve,Initial,,,,,67,1,,,6,1,1,IP,R15,,,,,,0.00,0.00,0.00,1.00,117,V,R15A(118E),blue-orange,G,G,G,0,0,0,0,0,0,0,0,0,0,0,0,0,0,0,0,0,0,0,0,0,0
8/6/20,Twelve,Initial,,,,,68,1,,,6,1,1,SP,R17,,,,,,0.00,0.00,0.00,1.00,118,W,R17(24B),B,G,G,G,0,0,0,0,0,0,0,0,0,0,0,0,0,0,0,0,0,0,0,0,0,0
8/6/20,Twelve,Initial,,,,,68,1,,,6,1,1,SP,R17,,,,,,-2.00,-0.33,0.00,1.00,119,W,R17(24B),Y,G,G,G,0,1,2,0.333333333,0.004901961,0,0,0,0,0,0,0,0,0,0,0,0,0,0,0,0,0
8/6/20,Twelve,Initial,,,,,68,1,,,6,1,1,SP,R17,,,,,,0.00,0.00,0.00,1.00,120,W,R17(24B),OPO,W,W,W,0,0,0,0,0,0,0,0,0,0,0,0,3,4,0,0,0,1,0,1,0,0
8/6/20,Twelve,Initial,,,,,68,1,,,6,1,1,SP,R17,,,,,,0.00,0.00,0.00,1.00,121,W,R17(24B),GOG,W,W,W,0,0,0,0,0,0,0,0,1,1,1,0,2,3,0,0,0,0,0,0,0,0
6/23/20,Twelve,Initial,,,,,77,41,,,7,1,1,IP,R1,,,,,,6.00,0.86,0.11,1.00,122,X,R1G/2 (18B),BOB,G,G,G,0,2,3,0.428571429,0.005565863,1,1,0,0,0,0,0,0,0,0,0,0,0,0,0,0,0
6/23/20,Twelve,Initial,,,,,77,41,,,7,1,1,IP,R1,,,,,,4.00,0.57,0.11,1.00,123,X,R1G/2 (18B),BYB,G,G,G,0,1,5,0.714285714,0.009276438,0,0,1,0,0,0,0,0,0,0,0,0,0,0,0,0,0
6/23/20,Twelve,Initial,,,,,77,41,,,7,1,1,IP,R1,,,,,,-10.00,-1.43,0.04,1.00,124,X,R1G/2 (18B),BGB,G,G,G,0,4,15,2.142857143,0.027829314,0,0,0,0,0,0,0,0,0,0,0,0,0,0,0,0,0
6/23/20,Twelve,Initial,,,,,77,41,,,7,1,1,IP,R1,,,,,,-5.00,-0.71,0.00,1.00,125,X,R1G/2 (18B),GBG,G,G,G,0,2,6,0.857142857,0.011131725,1,1,0,0,0,0,0,0,0,0,0,0,1,0,1,0,0
6/23/20,Twelve,Initial,,,,,77,41,,,7,1,1,IP,R1,,,,,,-16.00,-2.29,0.00,1.00,126,X,R1G/2 (18B),YBY,G,G,G,0,3,19,2.714285714,0.035250464,0,0,0,1,1,0,0,0,0,0,0,0,0,0,0,0,0
6/23/20,Twelve,Initial,,,,,77,41,,,7,1,1,IP,R1,,,,,,9.00,1.29,0.18,1.00,127,X,R1G/2 (18B),BYG,G,G,G,0,3,6,0.857142857,0.011131725,0,0,0,0,0,0,0,0,0,0,0,0,0,0,0,0,0
6/23/20,Twelve,Initial,,,,,77,41,,,7,1,1,IP,R1,,,,,,-5.00,-0.71,0.06,1.00,128,X,R1G/2 (18B),YOY,G,G,G,0,5,11,1.571428571,0.020408163,1,1,0,0,0,0,0,0,0,0,0,0,0,0,0,0,0
7/8/20,Twelve,Initial,,,,,86,24,,,11,1,1,SP,R1,,,,,,-6.00,-0.55,-0.01,1.00,129,Y,R1Q(2),GWG,G,G,G,0,3,6,0.545454545,0.006342495,2,2,0,0,0,0,0,0,0,0,0,0,0,0,0,2,0
7/8/20,Twelve,Initial,,,,,86,24,,,11,1,1,SP,R1,,,,,,-7.00,-0.64,-0.01,1.00,130,Y,R1Q(2),GOG,G,G,G,0,3,7,0.636363636,0.007399577,2,2,1,0,0,0,0,0,0,0,0,0,1,0,1,0,0
3/18/21,Eighteen,Initial,,,,,104,56,,,9,1,0,SP,R22,,,,,,-1.00,#DIV/0!,#DIV/0!,1.00,131,Z,R22G/1(49B),OWO,G,G,RG,1,1,1,0.111111111,0.001068376,1,1,0,0,0,0,0,0,1,0,0,0,1,0,1,0,0
10/4/19,Twelve,Initial,,,,,60,7,,,8,1,1,IP,R22,,,,,,177.00,22.13,1.94,1.00,132,AA,R22G/1(49E),GOG,G,G,G,0,4,11,1.375,0.022916667,1,1,0,0,0,0,0,0,0,0,0,0,1,0,1,0,0
10/4/19,Twelve,Initial,,,,,60,7,,,8,1,1,IP,R22,,,,,,77.00,9.63,1.13,1.00,133,AA,R22G/1(49E),BW,G,G,G,0,5,39,4.875,0.08125,3,3,0,0,0,0,0,0,0,0,0,0,0,0,0,0,0
10/4/19,Twelve,Initial,,,,,60,7,,,8,1,1,IP,R22,,,,,,92.00,11.50,1.09,1.00,134,AA,R22G/1(49E),GPG,G,G,G,0,5,16,2,0.033333333,1,1,1,0,0,0,0,1,0,0,0,0,0,0,0,0,0
10/4/19,Twelve,Initial,,,,,60,7,,,8,1,1,IP,R22,,,,,,104.00,13.00,1.11,1.00,135,AA,R22G/1(49E),OGO,G,G,G,0,1,3,0.375,0.00625,0,0,0,1,3,0,0,0,0,0,0,0,0,0,0,1,0
10/4/19,Twelve,Initial,,,,,60,7,,,8,1,1,IP,R22,,,,,,28.00,3.50,0.61,1.00,136,AA,R22G/1(49E),G,G,G,G,0,4,38,4.75,0.079166667,0,0,0,0,0,0,0,0,0,0,0,0,0,0,0,0,0
10/4/19,Twelve,Initial,,,,,60,7,,,8,1,1,IP,R22,,,,,,100.00,12.50,1.22,1.00,137,AA,R22G/1(49E),OB,G,G,G,0,5,21,2.625,0.04375,4,9,0,2,2,0,0,0,0,0,0,0,0,0,0,0,0
10/4/19,Twelve,Initial,,,,,60,7,,,8,1,1,IP,R22,,,,,,134.00,16.75,1.96,1.00,138,AA,R22G/1(49E),YGY,G,G,G,0,7,68,8.5,0.141666667,3,7,1,1,1,0,0,0,0,0,0,0,0,0,0,0,0
10/4/19,Twelve,Initial,,,,,60,7,,,8,1,1,IP,R22,,,,,,47.00,5.88,0.55,1.00,139,AA,R22G/1(49E),BOB,G,G,G,0,2,7,0.875,0.014583333,1,2,0,1,2,0,0,1,0,0,0,1,0,0,1,0,0
4/14/21,Eighteen,Initial,,,,,115,31,,,12,1,1,IP,R3,,,,,,61.00,8.71,0.62,1.00,140,AB,R3BA(3),OWO,G,G,G,0,0,0,0,0,0,0,0,0,0,0,0,0,0,0,0,0,0,0,0,0,0
4/14/21,Eighteen,Initial,,,,,115,31,,,12,1,1,IP,R3,,,,,,0.00,0.00,0.00,1.00,141,AB,R3BA(3),BGB,G,G,RG,1,0,0,0,0,0,0,0,0,0,0,0,0,0,0,0,0,0,0,0,0,0
4/14/21,Eighteen,Initial,,,,,115,31,,,12,1,1,IP,R3,,,,,,0.00,0.00,0.00,1.00,142,AB,R3BA(3),GWG,G,G,RG,1,0,0,0,0,0,0,0,0,0,0,0,0,0,0,0,0,0,0,0,0,0
4/14/21,Eighteen,Initial,,,,,115,31,,,12,1,1,IP,R3,,,,,,102.00,14.87,1.09,1.00,143,AB,R3BA(3),WOW,G,G,G,0,1,5,0.416666667,0.003623188,1,1,0,0,0,0,0,0,0,0,0,0,0,0,0,0,0
4/14/21,Eighteen,Initial,,,,,115,31,,,12,1,1,IP,R3,,,,,,-2.00,-0.17,0.00,1.00,144,AB,R3BA(3),WPW,G,G,RG,1,1,2,0.166666667,0.001449275,0,0,0,0,0,0,0,0,0,0,0,0,0,0,0,0,0
4/14/21,Eighteen,Initial,,,,,115,31,,,12,1,1,IP,R3,,,,,,108.00,15.43,1.10,1.00,145,AB,R3BA(3),GBG,G,G,G,0,0,0,0,0,0,0,0,0,0,0,0,0,0,0,0,0,0,0,0,0,0
4/14/21,Eighteen,Initial,,,,,115,31,,,12,1,1,IP,R3,,,,,,110.00,16.07,1.18,1.00,146,AB,R3BA(3),BPB,G,G,G,0,1,6,0.5,0.004347826,0,0,0,0,0,0,0,0,0,0,0,0,0,0,0,0,0
4/14/21,Eighteen,Initial,,,,,115,31,,,12,1,1,IP,R3,,,,,,198.00,29.12,2.15,1.00,147,AB,R3BA(3),PBP,G,G,G,0,2,14,1.166666667,0.010144928,0,0,0,1,3,0,0,0,0,0,0,0,1,0,1,0,0
4/14/21,Eighteen,Initial,,,,,115,31,,,12,1,1,IP,R3,,,,,,141.00,20.14,1.44,1.00,148,AB,R3BA(3),WGW,G,G,G,0,0,0,0,0,0,0,0,0,0,0,0,0,0,0,0,0,0,0,0,0,0
4/14/21,Eighteen,Initial,,,,,115,31,,,12,1,1,IP,R3,,,,,,79.00,11.46,0.83,1.00,149,AB,R3BA(3),GOG,G,G,G,0,1,3,0.25,0.002173913,0,0,0,1,2,0,0,0,0,0,0,0,0,0,0,0,0
4/14/21,Eighteen,Initial,,,,,115,31,,,12,1,1,IP,R3,,,,,,-2.00,-0.17,0.00,1.00,150,AB,R3BA(3),BOB,G,G,RG,1,1,2,0.166666667,0.001449275,0,0,0,0,0,0,0,0,0,0,0,0,0,0,0,0,0
4/14/21,Eighteen,Initial,,,,,115,31,,,12,1,1,IP,R3,,,,,,0.00,0.00,0.00,1.00,151,AB,R3BA(3),OBO,W,W,W,0,0,0,0,0,2,2,0,0,0,0,0,0,0,0,0,0,0,1,1,4,0
1/20/22,Eighteen,Initial,,,,,94,0,,,10,1,1,SP,R3,,,,,,-180.00,-16.00,-0.10,1.00,152,AC,R3BA3A,YOY,G,G,G,0,11,185,18.5,0.196808511,2,4,0,0,0,0,0,0,0,0,0,0,0,0,0,5,0
1/20/22,Eighteen,Initial,,,,,94,0,,,10,1,1,SP,R3,,,,,,-108.00,-3.20,0.24,1.00,153,AC,R3BA3A,BYO,G,G,G,0,10,127,12.7,0.135106383,1,1,0,0,0,0,0,0,1,0,0,0,0,0,0,3,0
10/9/19,Twelve,Initial,,,,,84,1,,,5,1,1,IP,R4,,,,,,-5.00,-1.00,-0.01,1.00,154,AD,R4A(83),P,G,G,G,0,2,5,1,0.011904762,0,0,0,0,0,0,0,0,0,0,0,0,0,0,0,0,0
10/9/19,Twelve,Initial,,,,,84,1,,,5,1,1,IP,R4,,,,,,-5.00,-1.00,-0.01,1.00,155,AD,R4A(83),W,G,G,G,0,3,5,1,0.011904762,1,1,0,0,0,0,0,0,0,0,0,0,0,0,0,0,0
10/9/19,Twelve,Initial,,,,,84,1,,,5,1,1,IP,R4,,,,,,-23.00,-4.60,-0.05,1.00,156,AD,R4A(83),O,G,G,G,0,4,23,4.6,0.054761905,0,0,0,1,3,0,0,0,0,0,0,0,1,0,1,0,0
10/9/19,Twelve,Initial,,,,,84,1,,,5,1,1,IP,R4,,,,,,0.00,0.00,0.00,1.00,157,AD,R4A(83),G,W,W,W,0,0,0,0,0,0,0,0,0,0,0,0,0,1,1,3,1,2,0,3,0,0
10/9/19,Twelve,Initial,,,,,84,1,,,5,1,1,IP,R4,,,,,,-11.00,-2.20,-0.03,1.00,158,AD,R4A(83),Y,G,G,G,0,2,11,2.2,0.026190476,0,0,0,0,0,0,0,0,2,0,0,0,0,0,0,1,0
10/9/19,Twelve,Initial,,,,,84,1,,,5,1,1,IP,R4,,,,,,-8.00,-1.60,-0.02,1.00,159,AD,R4A(83),WPW,G,G,G,0,3,8,1.6,0.019047619,0,0,0,0,0,0,0,0,0,0,0,0,0,0,0,0,0
12/17/19,Twelve,Initial,,,,,127,11,,,7,1,1,SP,R4,,,,,,15.00,7.86,0.36,1.00,160,AE,R4A(83)B,PWB,G,G,G,0,1,1,0.142857143,0.001124859,0,1,1,0,0,0,0,0,0,0,0,0,1,0,1,0,0
12/17/19,Twelve,Initial,,,,,127,11,,,7,1,1,SP,R4,,,,,,-8.00,-0.79,0.01,1.00,161,AE,R4A(83)B,BPW,G,G,G,0,2,9,1.285714286,0.010123735,0,0,0,0,0,0,0,0,0,0,0,0,0,0,0,0,0
12/17/19,Twelve,Initial,,,,,127,11,,,7,1,1,SP,R4,,,,,,42.00,21.00,0.95,1.00,162,AE,R4A(83)B,Y,W,W,NG,1,0,0,0,0,0,0,0,0,0,0,0,0,0,0,0,0,0,0,0,0,0
12/17/19,Twelve,Initial,,,,,127,11,,,7,1,1,SP,R4,,,,,,25.00,12.50,0.57,1.00,163,AE,R4A(83)B,O,W,W,NG,1,0,0,0,0,0,0,0,0,0,0,0,0,0,0,0,0,0,0,0,0,0
12/17/19,Twelve,Initial,,,,,127,11,,,7,1,1,SP,R4,,,,,,38.00,19.00,0.86,1.00,164,AE,R4A(83)B,G,W,W,NG,1,0,0,0,0,0,0,0,0,0,0,0,0,0,0,0,0,0,0,0,0,0
12/17/19,Twelve,Initial,,,,,127,11,,,7,1,1,SP,R4,,,,,,0.00,0.00,0.00,1.00,165,AE,R4A(83)B,WBP,W,W,W,0,0,0,0,0,0,0,0,0,0,0,0,0,0,0,0,0,0,0,0,14,0
12/17/19,Twelve,Initial,,,,,127,11,,,7,1,1,SP,R4,,,,,,0.00,0.00,0.00,1.00,166,AE,R4A(83)B,B,W,W,W,0,0,0,0,0,0,0,0,0,0,0,0,0,0,0,0,0,0,0,0,0,0
3/16/21,Eighteen,Initial,,,,,92,21,,,10,1,1,IP,R5,,,,,,-2.00,-0.20,0.00,1.00,167,AF,R5(117C),BYB,G,G,G,0,1,2,0.2,0.002173913,0,0,0,0,0,0,0,0,0,0,0,0,1,0,1,0,0
3/16/21,Eighteen,Initial,,,,,92,21,,,10,1,1,IP,R5,,,,,,-4.00,-0.40,0.00,1.00,168,AF,R5(117C),GWG,G,G,G,0,1,4,0.4,0.004347826,0,0,0,0,0,0,0,0,0,0,0,0,0,0,0,0,0
3/16/21,Eighteen,Initial,,,,,92,21,,,10,1,1,IP,R5,,,,,,0.00,0.00,0.00,1.00,169,AF,R5(117C),OYO,G,G,G,0,0,0,0,0,0,0,0,0,0,0,0,0,0,0,0,0,0,0,0,0,0
3/16/21,Eighteen,Initial,,,,,92,21,,,10,1,1,IP,R5,,,,,,0.00,0.00,0.00,1.00,170,AF,R5(117C),YOY,G,G,G,0,0,0,0,0,0,0,0,0,0,0,0,0,0,0,0,0,0,0,0,0,0
3/16/21,Eighteen,Initial,,,,,92,21,,,10,1,1,IP,R5,,,,,,-2.00,-0.20,0.00,1.00,171,AF,R5(117C),WP,G,G,G,0,1,2,0.2,0.002173913,0,0,0,0,0,0,0,0,0,0,0,0,0,0,0,0,0
3/16/21,Eighteen,Initial,,,,,92,21,,,10,1,1,IP,R5,,,,,,-7.00,-0.70,-0.01,1.00,172,AF,R5(117C),WGW,G,G,G,0,1,7,0.7,0.007608696,0,0,0,1,3,0,0,0,0,1,1,0,3,0,3,0,0
3/16/21,Eighteen,Initial,,,,,92,21,,,10,1,1,IP,R5,,,,,,0.00,0.00,0.00,1.00,173,AF,R5(117C),PYP,G,G,G,0,0,0,0,0,0,0,0,0,0,0,0,0,0,0,0,0,0,0,0,0,0
3/16/21,Eighteen,Initial,,,,,92,21,,,10,1,1,IP,R5,,,,,,0.00,0.00,0.00,1.00,174,AF,R5(117C),ORANGE,G,G,G,0,0,0,0,0,0,0,0,0,0,0,0,0,0,0,0,0,0,0,0,0,0
3/16/21,Eighteen,Initial,,,,,92,21,,,10,1,1,IP,R5,,,,,,0.00,0.00,0.00,1.00,175,AF,R5(117C),GBG,G,G,G,0,0,0,0,0,0,0,0,2,11,0,0,0,0,0,0,0,0,0,0,0,0
3/16/21,Eighteen,Initial,,,,,92,21,,,10,1,1,IP,R5,,,,,,0.00,0.00,0.00,1.00,176,AF,R5(117C),OGO,G,G,RG,1,0,0,0,0,1,2,0,1,6,0,0,0,0,0,0,1,1,0,2,0,0
1/28/21,Eighteen,Initial,,,,,98,2,,,8,1,1,SP,109,,,,,,-10.00,-1.25,-0.01,1.00,177,AG,RGB(109),YGY,G,G,G,0,1,10,1.25,0.012755102,0,0,0,0,0,0,0,1,0,0,0,0,0,0,0,0,0
1/28/21,Eighteen,Initial,,,,,98,2,,,8,1,1,SP,109,,,,,,-4.00,-0.50,-0.01,1.00,178,AG,RGB(109),GOG,G,G,G,0,2,4,0.5,0.005102041,0,0,0,0,0,0,0,1,0,0,0,0,0,0,0,0,0
8/6/20,Twelve,Initial,,,,,66,5,,,5,1,1,IP,109,,,,,,-36.00,-7.20,-0.11,1.00,179,AH,RGB(109B),POP,G,G,G,0,5,36,7.2,0.109090909,5,9,0,0,0,0,0,0,0,0,0,0,0,0,0,1,0
8/6/20,Twelve,Initial,,,,,66,5,,,5,1,1,IP,109,,,,,,-22.00,-4.40,-0.07,1.00,180,AH,RGB(109B),YPY,G,G,G,0,5,22,4.4,0.066666667,2,3,2,0,0,0,0,0,0,0,0,0,0,0,0,1,0
8/6/20,Twelve,Initial,,,,,66,5,,,5,1,1,IP,109,,,,,,-26.00,-5.20,-0.08,1.00,181,AH,RGB(109B),PYP,G,G,G,0,5,26,5.2,0.078787879,4,7,1,0,0,0,0,0,0,0,0,0,0,0,0,0,0
8/6/20,Twelve,Initial,,,,,66,5,,,5,1,1,IP,109,,,,,,-3.00,-0.60,-0.01,1.00,182,AH,RGB(109B),MGO(-/BLU),G,G,G,0,1,3,0.6,0.009090909,0,0,0,0,0,0,0,0,0,0,0,0,0,1,1,0,0
8/6/20,Twelve,Initial,,,,,66,5,,,5,1,1,IP,109,,,,,,-29.00,-5.80,-0.09,1.00,183,AH,RGB(109B),OYO,G,G,G,0,6,29,5.8,0.087878788,1,1,1,0,0,0,0,0,0,0,0,1,0,0,1,0,0
8/6/20,Twelve,Initial,,,,,66,5,,,5,1,1,IP,109,,,,,,0.00,0.00,0.00,1.00,184,AH,RGB(109B),OPO,W,W,W,0,0,0,0,0,0,0,0,0,0,0,0,0,2,0,0,2,1,0,2,1,0
6/18/20,Twelve,Initial,,,,,76,7,,,6,1,0,SP,RL86BI2,,,,,,-25.00,-4.17,-0.05,1.00,185,AI,RL8.6B1(112B),YO,G,G,G,0,2,25,4.166666667,0.054824561,2,2,0,0,0,0,0,0,0,0,0,0,0,1,1,0,0
6/18/20,Twelve,Initial,,,,,76,7,,,6,1,0,SP,RL86BI2,,,,,,0.00,0.00,0.00,1.00,186,AI,RL8.6B1(112B),B,W,W,W,0,0,0,0,0,0,0,0,0,0,0,0,0,0,1,2,1,0,0,1,6,0
1/20/22,Eighteen,Initial,,,,,91,20,,,15,1,1,IP,RL86BI,,,,,,-66.00,-4.34,-0.03,1.00,187,AJ,RL86B1(112C),OYO,G,G,G,0,5,72,4.8,0.052747253,3,4,0,1,2,0,0,0,0,0,0,0,0,0,0,0,0
1/20/22,Eighteen,Initial,,,,,91,20,,,15,1,1,IP,RL86BI,,,,,,15.00,1.21,0.07,1.00,188,AJ,RL86B1(112C),BOB,G,G,G,0,2,5,0.333333333,0.003663004,1,7,0,1,2,0,0,1,0,0,0,0,2,0,2,0,0
1/20/22,Eighteen,Initial,,,,,91,20,,,15,1,1,IP,RL86BI,,,,,,-41.00,-2.68,-0.02,1.00,189,AJ,RL86B1(112C),OBO,G,G,G,0,6,46,3.066666667,0.033699634,0,0,0,0,0,0,0,0,0,0,0,0,0,0,0,13,0
1/20/22,Eighteen,Initial,,,,,91,20,,,15,1,1,IP,RL86BI,,,,,,-13.00,-0.57,0.07,1.00,190,AJ,RL86B1(112C),GOG,G,G,G,0,5,42,2.8,0.030769231,1,1,0,0,0,0,0,1,0,0,0,0,1,0,1,1,0
1/20/22,Eighteen,Initial,,,,,91,20,,,15,1,1,IP,RL86BI,,,,,,0.00,0.00,0.00,1.00,191,AJ,RL86B1(112C),GB,G,G,G,0,0,0,0,0,2,2,0,4,30,0,0,1,2,0,0,0,0,0,0,2,0
1/20/22,Eighteen,Initial,,,,,91,20,,,15,1,1,IP,RL86BI,,,,,,-14.00,-0.93,-0.01,1.00,192,AJ,RL86B1(112C),OYB,G,G,G,0,6,14,0.933333333,0.01025641,0,0,1,0,0,0,0,0,0,0,0,0,0,0,0,12,0
1/20/22,Eighteen,Initial,,,,,91,20,,,15,1,1,IP,RL86BI,,,,,,-36.00,-2.29,0.00,1.00,193,AJ,RL86B1(112C),BYB,G,G,G,0,5,47,3.133333333,0.034432234,1,4,0,0,0,0,0,1,0,0,0,0,0,0,0,0,0
1/20/22,Eighteen,Initial,,,,,91,20,,,15,1,1,IP,RL86BI,,,,,,3.00,0.31,0.03,1.00,194,AJ,RL86B1(112C),GYG,G,G,G,0,3,8,0.533333333,0.005860806,2,2,1,0,0,0,0,0,0,0,0,0,0,0,0,0,0
1/20/22,Eighteen,Initial,,,,,91,20,,,15,1,1,IP,RL86BI,,,,,,-2.00,-0.09,0.01,1.00,195,AJ,RL86B1(112C),OGO,G,G,G,0,2,6,0.4,0.004395604,1,3,0,0,0,0,0,0,0,0,0,0,0,0,0,0,0
1/20/22,Eighteen,Initial,,,,,91,20,,,15,1,1,IP,RL86BI,,,,,,12.00,0.96,0.05,1.00,196,AJ,RL86B1(112C),YOBO,G,G,G,0,2,4,0.266666667,0.002930403,0,0,0,0,0,0,0,1,0,0,0,0,1,0,1,1,0
1/20/22,Eighteen,Initial,,,,,91,20,,,15,1,1,IP,RL86BI,,,,,,-58.00,-3.87,-0.04,1.00,197,AJ,RL86B1(112C),YOY,G,G,RG,1,4,58,3.866666667,0.042490842,2,4,0,1,14,0,0,0,0,0,0,0,1,0,1,6,0
8/31/21,Eighteen,Initial,,,,,81,0,,,4,1,0,SP,RO16A/2,,,,,,-9.00,-2.25,-0.03,1.00,198,AK,RO16A/2(64C),WOW,G,G,G,0,4,9,2.25,0.027777778,0,0,0,0,0,0,0,0,5,0,0,0,0,0,0,1,0
6/2/20,Twelve,Initial,,,,,85,6,,,9,1,0,SP,RP5/2,,,,,,0.00,0.00,0.00,1.00,199,AL,RP5/2(1B),WYW,G,G,G,0,0,0,0,0,0,0,0,0,0,0,0,0,0,0,0,0,0,0,0,1,0
12/18/19,Twelve,Initial,,,,,92,28,,,5,1,1,SP,S1,,,,,,-5.00,-1.00,-0.01,1.00,200,AM,S1B1/2(77B),GBG,G,G,G,0,3,5,1,0.010869565,0,0,0,0,0,0,0,0,0,0,0,0,0,0,0,0,0
12/18/19,Twelve,Initial,,,,,92,28,,,5,1,1,SP,S1,,,,,,-3.00,-0.60,-0.01,1.00,201,AM,S1B1/2(77B),BGW,G,G,G,0,2,3,0.6,0.006521739,1,1,0,0,0,0,0,0,0,0,0,0,0,0,0,0,0
2/5/20,Twelve,Initial,,,,,90,0,,,9,1,1,IP,SAFC 12,,,,,,-5.00,-0.56,-0.01,1.00,202,AN,SAFC 12,WYW,G,G,G,0,2,5,0.555555556,0.00617284,4,14,0,0,0,0,0,0,0,0,0,0,0,0,0,0,0
2/5/20,Twelve,Initial,,,,,90,0,,,9,1,1,IP,SAFC 12,,,,,,5.00,0.56,0.04,1.00,203,AN,SAFC 12,GYM,G,G,G,0,0,0,0,0,2,4,0,0,0,0,0,0,0,0,0,0,0,0,0,0,0
2/5/20,Twelve,Initial,,,,,90,0,,,9,1,1,IP,SAFC 12,,,,,,-15.00,-1.67,-0.02,1.00,204,AN,SAFC 12,YWY,G,G,G,0,2,15,1.666666667,0.018518519,6,11,0,0,0,0,0,0,0,0,0,0,0,0,0,0,0
2/5/20,Twelve,Initial,,,,,90,0,,,9,1,1,IP,SAFC 12,,,,,,-2.00,-0.22,0.00,1.00,205,AN,SAFC 12,GYG,G,G,G,0,1,2,0.222222222,0.002469136,0,0,0,0,0,0,0,0,0,0,0,0,0,0,0,0,0
2/5/20,Twelve,Initial,,,,,90,0,,,9,1,1,IP,SAFC 12,,,,,,-20.00,-2.22,-0.02,1.00,206,AN,SAFC 12,YBY,G,G,G,0,5,20,2.222222222,0.024691358,4,5,1,0,0,0,0,0,0,0,0,0,1,0,1,0,0
2/5/20,Twelve,Initial,,,,,90,0,,,9,1,1,IP,SAFC 12,,,,,,2.00,0.22,0.03,1.00,207,AN,SAFC 12,PYP,G,G,G,0,2,3,0.333333333,0.003703704,3,6,1,0,0,0,0,0,1,0,0,0,0,0,0,0,0
2/5/20,Twelve,Initial,,,,,90,0,,,9,1,1,IP,SAFC 12,,,,,,-1.00,-0.11,0.00,1.00,208,AN,SAFC 12,YGY,G,G,G,0,1,1,0.111111111,0.001234568,2,2,0,0,0,0,0,0,1,1,1,0,0,0,0,0,0
2/5/20,Twelve,Initial,,,,,90,0,,,9,1,1,IP,SAFC 12,,,,,,-2.00,-0.22,0.00,1.00,209,AN,SAFC 12,BYB,G,G,G,0,1,2,0.222222222,0.002469136,4,5,0,0,0,0,0,0,0,0,0,0,1,0,1,0,0
2/5/20,Twelve,Initial,,,,,90,0,,,9,1,1,IP,SAFC 12,,,,,,0.00,0.00,0.00,1.00,210,AN,SAFC 12,YPY,G,G,G,0,0,0,0,0,1,1,0,0,0,0,0,0,0,0,0,0,0,0,0,0,0
12/29/20,Eighteen,Initial,,,,,107,7,,,7,1,0,SP,SAFC17,,,,,,-9.00,-1.29,-0.01,1.00,211,AO,SAFC 17,BGB,G,G,G,0,2,9,1.285714286,0.012016021,1,2,1,0,0,0,0,0,0,0,0,0,0,0,0,0,0
6/23/20,Twelve,Initial,,,,,77,37,,,8,1,1,SP,SAFC 5,,,,,,-27.00,-3.38,-0.04,1.00,212,AP,SAFC 5,blue,G,G,G,0,4,27,3.375,0.043831169,2,2,0,0,0,0,0,0,0,0,0,0,1,0,1,2,0
6/23/20,Twelve,Initial,,,,,77,37,,,8,1,1,SP,SAFC 5,,,,,,-5.00,-0.63,-0.01,1.00,213,AP,SAFC 5,OBO,G,G,G,0,2,5,0.625,0.008116883,1,1,0,0,0,0,0,0,0,0,0,0,0,0,0,0,0
6/23/20,Twelve,Initial,,,,,77,37,,,8,1,1,SP,SAFC 5,,,,,,0.00,0.00,0.00,1.00,214,AP,SAFC 5,BOB,W,W,W,0,0,0,0,0,0,0,0,0,0,0,0,0,0,0,0,0,0,0,0,12,0
12/17/19,Twelve,Initial,,,,,113,4,,,7,1,1,IP,SAFC 9,,,,,,0.00,0.00,0.00,1.00,215,AQ,SAFC 9,B (-/pnk),G,G,RG,1,0,0,0,0,0,0,1,0,0,0,0,0,0,0,0,0,0,1,1,0,0
12/17/19,Twelve,Initial,,,,,113,4,,,7,1,1,IP,SAFC 9,,,,,,1.00,0.20,0.02,1.00,216,AQ,SAFC 9,Y,G,G,G,0,0,0,0,0,0,0,0,0,0,0,0,0,0,0,0,0,0,0,0,0,0
12/17/19,Twelve,Initial,,,,,113,4,,,7,1,1,IP,SAFC 9,,,,,,-3.00,-0.43,0.00,1.00,217,AQ,SAFC 9,W,G,G,RG,1,1,3,0.428571429,0.003792668,0,0,1,0,0,0,0,0,0,0,0,1,0,0,1,0,0
12/17/19,Twelve,Initial,,,,,113,4,,,7,1,1,IP,SAFC 9,,,,,,5.00,1.00,0.08,1.00,218,AQ,SAFC 9,O,G,G,G,0,0,0,0,0,0,0,0,0,0,0,0,0,0,0,0,0,0,0,0,0,0
12/17/19,Twelve,Initial,,,,,113,4,,,7,1,1,IP,SAFC 9,,,,,,-3.00,-0.43,0.00,1.00,219,AQ,SAFC 9,P,G,G,G,0,1,3,0.428571429,0.003792668,0,0,0,0,0,0,0,0,0,0,0,0,0,0,0,0,0
12/17/19,Twelve,Initial,,,,,113,4,,,7,1,1,IP,SAFC 9,,,,,,6.00,1.20,0.10,1.00,220,AQ,SAFC 9,GWG,G,G,G,0,0,0,0,0,0,0,0,0,0,0,0,0,0,0,0,0,1,0,1,0,0
12/17/19,Twelve,Initial,,,,,113,4,,,7,1,1,IP,SAFC 9,,,,,,2.00,0.40,0.03,1.00,221,AQ,SAFC 9,OYO,G,G,G,0,0,0,0,0,2,3,0,0,0,0,0,0,0,0,0,0,1,0,1,0,0
1/19/22,Eighteen,Initial,,,,,113,9,,,17,1,1,SP,SAFC10,,,,,,-52.00,-3.06,-0.03,1.00,222,AR,SAFC10,GYG,G,G,G,0,4,52,3.058823529,0.027069235,1,1,0,0,0,0,0,0,0,0,0,0,0,0,0,0,0
1/19/22,Eighteen,Initial,,,,,113,9,,,17,1,1,SP,SAFC10,,,,,,-22.00,-1.29,-0.01,1.00,223,AR,SAFC10,OBO,G,G,G,0,6,22,1.294117647,0.011452369,0,0,0,0,0,0,0,0,1,0,0,1,0,0,1,1,0
1/19/22,Eighteen,Initial,,,,,113,9,,,17,1,1,SP,SAFC10,,,,,,-105.00,-6.18,-0.05,1.00,224,AR,SAFC10,BYB,G,G,G,0,10,105,6.176470588,0.054659032,0,0,1,0,0,0,0,0,1,0,0,1,0,0,1,0,0
1/19/22,Eighteen,Initial,,,,,113,9,,,17,1,1,SP,SAFC10,,,,,,0.00,0.00,0.00,1.00,225,AR,SAFC10,OWG,W,W,W,0,0,0,0,0,0,0,0,0,0,0,0,0,0,0,0,0,0,0,0,13,0
1/19/22,Eighteen,Initial,,,,,113,9,,,17,1,1,SP,SAFC10,,,,,,0.00,0.00,0.00,1.00,226,AR,SAFC10,YOG,W,W,W,1,0,0,0,0,0,0,0,0,0,0,0,0,0,1,1,0,0,0,0,11,0
1/19/22,Eighteen,Initial,,,,,113,9,,,17,1,1,SP,SAFC10,,,,,,0.00,0.00,0.00,1.00,227,AR,SAFC10,YMB,W,W,W,0,0,0,0,0,0,0,0,0,0,0,0,0,0,0,0,0,0,0,0,13,0
1/19/22,Eighteen,Initial,,,,,113,9,,,17,1,1,SP,SAFC10,,,,,,0.00,0.00,0.00,1.00,228,AR,SAFC10,YGO,W,W,W,0,0,0,0,0,0,0,0,0,0,0,0,0,0,0,0,0,0,0,0,12,0
6/3/20,Twelve,Initial,,,,,62,2,,,7,1,0,SP,SAFC12,,,,,,0.00,0.00,0.00,1.00,229,AS,SAFC12A,YGY,G,G,G,0,0,0,0,0,4,5,0,0,0,0,0,0,0,0,0,0,0,0,0,0,0
8/31/21,Eighteen,Initial,,,,,89,8,,,6,1,1,SP,SAFC13,,,,,,69.00,38.50,1.82,1.00,230,AT,SAFC13,BOB,G,G,G,0,2,12,2,0.02247191,1,1,0,0,0,0,0,0,0,0,0,0,0,0,0,0,0
8/31/21,Eighteen,Initial,,,,,89,8,,,6,1,1,SP,SAFC13,,,,,,25.00,22.83,1.21,1.00,231,AT,SAFC13,GBG,G,G,G,0,4,31,5.166666667,0.058052434,0,0,1,0,0,0,0,0,0,0,0,0,0,0,0,0,0
1/19/22,Eighteen,Initial,,,,,71,3,,,7,1,1,IP,SAFC13,,,,,,0.00,0.00,0.00,1.00,232,AU,SAFC13A,GOG,G,G,G,0,0,0,0,0,0,0,0,0,0,0,0,0,0,0,0,0,0,0,0,0,0
1/19/22,Eighteen,Initial,,,,,71,3,,,7,1,1,IP,SAFC13,,,,,,0.00,0.00,0.00,1.00,233,AU,SAFC13A,BYB,G,G,G,0,0,0,0,0,0,0,0,0,0,0,0,0,0,0,0,0,0,0,0,0,0
1/19/22,Eighteen,Initial,,,,,71,3,,,7,1,1,IP,SAFC13,,,,,,0.00,0.00,0.00,1.00,234,AU,SAFC13A,YGY,G,G,G,0,0,0,0,0,0,0,0,0,0,0,0,0,0,0,0,0,0,0,0,0,0
1/19/22,Eighteen,Initial,,,,,71,3,,,7,1,1,IP,SAFC13,,,,,,0.00,0.00,0.00,1.00,235,AU,SAFC13A,YBY,G,G,G,0,0,0,0,0,0,0,0,0,0,0,0,0,0,0,0,0,0,0,0,0,0
1/19/22,Eighteen,Initial,,,,,71,3,,,7,1,1,IP,SAFC13,,,,,,0.00,0.00,0.00,1.00,236,AU,SAFC13A,YOY,G,G,RG,1,0,0,0,0,0,0,0,0,0,0,0,0,0,0,0,0,0,0,0,0,0
1/19/22,Eighteen,Initial,,,,,71,3,,,7,1,1,IP,SAFC13,,,,,,0.00,0.00,0.00,1.00,237,AU,SAFC13A,OGO,W,W,W,0,0,0,0,0,0,0,0,0,0,0,0,1,0,0,0,0,1,0,1,3,0
5/5/21,Eighteen,Initial,,,,,71,3,,,5,1,1,IP,SAFC17,,,,,,0.00,0.00,0.00,1.00,238,AV,SAFC17A,YOY,G,G,G,0,0,0,0,0,0,0,0,0,0,0,0,0,0,0,0,0,0,0,0,0,0
5/5/21,Eighteen,Initial,,,,,71,3,,,5,1,1,IP,SAFC17,,,,,,-1.00,-0.20,0.00,1.00,239,AV,SAFC17A,GBG,G,G,G,0,1,1,0.2,0.002816901,1,1,0,0,0,0,0,0,0,0,0,0,0,0,0,0,0
5/5/21,Eighteen,Initial,,,,,71,3,,,5,1,1,IP,SAFC17,,,,,,0.00,0.00,0.00,1.00,240,AV,SAFC17A,GOG,G,G,G,0,0,0,0,0,0,0,0,1,8,0,0,0,0,0,0,0,1,0,1,0,0
5/5/21,Eighteen,Initial,,,,,71,3,,,5,1,1,IP,SAFC17,,,,,,-1.00,-0.20,0.00,1.00,241,AV,SAFC17A,OYO,G,G,G,0,1,1,0.2,0.002816901,0,0,0,0,0,0,0,0,0,0,0,0,0,0,0,0,0
5/5/21,Eighteen,Initial,,,,,71,3,,,5,1,1,IP,SAFC17,,,,,,0.00,0.00,0.00,1.00,242,AV,SAFC17A,BOB,G,G,G,0,0,0,0,0,0,0,0,0,0,0,0,0,0,0,0,0,0,0,0,0,0
3/18/21,Eighteen,Initial,,,,,115,6,,,10,1,1,IP,SAFC20,,,,,,-44.00,-4.40,-0.04,1.00,243,AW,SAFC20,GOG,G,G,RG,1,3,44,4.4,0.03826087,0,0,0,0,0,0,0,0,0,0,0,0,0,0,0,0,0
3/18/21,Eighteen,Initial,,,,,115,6,,,10,1,1,IP,SAFC20,,,,,,-22.00,-2.20,-0.02,1.00,244,AW,SAFC20,POP,G,G,G,0,2,22,2.2,0.019130435,0,0,0,0,0,0,0,0,0,0,0,0,1,0,1,0,0
3/18/21,Eighteen,Initial,,,,,115,6,,,10,1,1,IP,SAFC20,,,,,,-21.00,0.60,0.72,1.00,245,AW,SAFC20,OYO,G,G,G,0,3,39,3.9,0.033913043,1,1,0,2,4,0,0,0,0,0,0,0,0,0,0,0,0
3/18/21,Eighteen,Initial,,,,,115,6,,,10,1,1,IP,SAFC20,,,,,,-15.00,-0.45,0.27,1.00,246,AW,SAFC20,OPO,G,G,G,0,4,22,2.2,0.019130435,0,0,0,0,0,0,0,0,0,0,0,0,0,0,0,0,0
3/18/21,Eighteen,Initial,,,,,115,6,,,10,1,1,IP,SAFC20,,,,,,-39.00,-0.15,0.99,1.00,247,AW,SAFC20,YGY,G,G,G,0,5,64,6.4,0.055652174,0,0,0,0,0,0,0,0,0,0,0,0,0,0,0,0,0
3/18/21,Eighteen,Initial,,,,,115,6,,,10,1,1,IP,SAFC20,,,,,,-38.00,-3.80,-0.03,1.00,248,AW,SAFC20,BYB,G,G,RG,1,5,38,3.8,0.033043478,0,0,0,1,3,0,0,0,0,0,0,0,0,0,0,0,0
12/29/20,Eighteen,Initial,,,,,103,21,,,6,1,1,IP,SAFC5,,,,,,-12.00,-2.00,-0.01,1.00,249,AX,SAFC5A,Orange,G,G,G,0,1,13,2.166666667,0.021035599,2,2,0,0,0,0,0,0,0,0,0,0,0,0,0,0,0
12/29/20,Eighteen,Initial,,,,,103,21,,,6,1,1,IP,SAFC5,,,,,,-4.00,-0.67,0.02,1.00,250,AX,SAFC5A,Yellow,G,G,G,0,1,6,1,0.009708738,1,1,0,1,11,0,0,0,0,0,0,0,0,0,0,1,0
12/29/20,Eighteen,Initial,,,,,103,21,,,6,1,1,IP,SAFC5,,,,,,5.00,0.83,0.17,1.00,251,AX,SAFC5A,WOWO,G,G,G,0,3,7,1.166666667,0.011326861,0,0,0,0,0,0,0,0,0,0,0,0,0,0,0,0,0
12/29/20,Eighteen,Initial,,,,,103,21,,,6,1,1,IP,SAFC5,,,,,,12.00,2.00,0.18,1.00,252,AX,SAFC5A,OYO,G,G,G,0,0,0,0,0,0,0,0,0,0,0,0,0,0,0,0,0,0,0,0,0,0
12/29/20,Eighteen,Initial,,,,,103,21,,,6,1,1,IP,SAFC5,,,,,,-5.00,-0.83,0.02,1.00,253,AX,SAFC5A,OGO,G,G,G,0,3,7,1.166666667,0.011326861,0,0,0,0,0,0,0,0,0,0,0,0,0,0,0,0,0
12/29/20,Eighteen,Initial,,,,,103,21,,,6,1,1,IP,SAFC5,,,,,,1.00,0.17,0.04,1.00,254,AX,SAFC5A,YGY,G,G,G,0,1,2,0.333333333,0.003236246,0,0,0,0,0,0,0,0,0,0,0,0,0,0,0,0,0
2/5/20,Twelve,Initial,,,,,86,2,,,7,1,0,SP,T3A2,,,,,,-4.00,-0.57,-0.01,1.00,255,AY,T3A2(66),O,G,G,G,0,1,4,0.571428571,0.006644518,4,4,0,0,0,0,0,0,0,0,0,0,0,0,0,0,0
1/6/20,Twelve,Final,1,,1,0,14,20,,,6,1,1,IP,47BC/2,,,,,,,,,,1,A,47BC/2,YGM,G,G,G,0,5,44,7.333333333,0.523809524,3,3,2,0,0,0,0,0,0,0,0,0,0,0,0,0,0
1/6/20,Twelve,Final,1,,1,0,14,20,,,6,1,1,IP,47BC/2,,,,,,,,,,2,A,47BC/2,GOY,G,G,G,0,7,132,22,1.571428571,4,13,1,0,0,0,0,0,0,0,0,0,0,0,0,0,0
1/6/20,Twelve,Final,1,,1,0,14,20,,,6,1,1,IP,47BC/2,,,,,,,,,,3,A,47BC/2,GYM,G,G,G,0,6,70,11.66666667,0.833333333,2,3,0,0,0,0,0,0,0,0,0,0,0,0,0,0,0
1/6/20,Twelve,Final,1,,1,0,14,20,,,6,1,1,IP,47BC/2,,,,,,,,,,4,A,47BC/2,YOB,G,G,G,0,6,84,14,1,1,1,3,0,0,0,0,0,1,0,0,1,0,0,1,0,0
1/6/20,Twelve,Final,1,,1,0,14,20,,,6,1,1,IP,47BC/2,,,,,,,,,,5,A,47BC/2,YBM,unclear,RG,RG,1,0,0,0,0,1,1,0,0,0,0,0,0,1,0,0,0,0,0,0,10,0
1/6/20,Twelve,Final,1,,1,0,14,20,,,6,1,1,IP,47BC/2,,,,,,,,,,6,A,47BC/2,YMB,G,G,G,0,5,133,22.16666667,1.583333333,0,0,0,0,0,0,0,0,0,0,0,0,0,0,0,0,0
1/6/20,Twelve,Final,1,,1,0,14,20,,,6,1,1,IP,47BC/2,3,1,1,,2.581,,,,,7,A,47BC/2,YGB,G,G,G,0,6,101,16.83333333,1.202380952,2,4,0,0,0,0,0,0,0,0,0,0,0,0,0,0,0
1/6/20,Twelve,Final,1,,1,0,14,20,,,6,1,1,IP,47BC/2,,,,,,,,,,8,A,47BC/2,BYM,RG,G,G,1,6,149,24.83333333,1.773809524,4,5,0,0,0,0,0,0,0,0,0,0,0,0,0,0,0
3/10/20,Twelve,Final,,,0,0,12,34,,,8,1,1,IP,S1,7,0,1,,2.631,,,,,9,B,51 A/2(+)(99B),G,G,G,G,0,0,0,0,0,0,0,1,0,0,0,0,0,0,0,0,0,0,0,0,0,0
3/10/20,Twelve,Final,,,0,0,12,34,,,8,1,1,IP,S1,,,,,,,,,,10,B,51 A/2(+)(99B),Y,G,G,G,0,0,0,0,0,0,0,1,0,0,0,0,0,0,0,0,0,1,0,1,0,0
3/10/20,Twelve,Final,,,0,0,12,34,,,8,1,1,IP,S1,,,,,,,,,,11,B,51 A/2(+)(99B),W,G,G,G,0,0,0,0,0,0,0,0,0,0,0,0,0,0,0,0,0,0,0,0,0,0
3/10/20,Twelve,Final,,,0,0,12,34,,,8,1,1,IP,S1,,,,,,,,,,12,B,51 A/2(+)(99B),O,G,G,G,0,0,0,0,0,0,0,1,0,0,0,0,0,0,0,0,0,0,0,0,0,0
3/10/20,Twelve,Final,,,0,0,12,34,,,8,1,1,IP,S1,,,,,,,,,,13,B,51 A/2(+)(99B),B,G,G,G,0,1,9,1.125,0.09375,0,0,0,0,0,0,0,0,0,0,0,0,0,0,0,0,0
3/10/20,Twelve,Final,,,0,0,12,34,,,8,1,1,IP,S1,,,,,,,,,,14,B,51 A/2(+)(99B),BWB,G,G,G,0,1,1,0.125,0.010416667,0,0,0,0,0,0,0,0,0,0,0,0,0,0,0,0,0
3/10/20,Twelve,Final,,,0,0,12,34,,,8,1,1,IP,S1,,,,,,,,,,15,B,51 A/2(+)(99B),WBW,G,G,G,0,0,0,0,0,0,0,0,0,0,0,0,0,0,0,0,1,0,0,1,0,0
3/10/20,Twelve,Final,,,0,0,12,34,,,8,1,1,IP,S1,7,1,1,,2.896,,,,,16,B,51 A/2(+)(99B),OBO,G,G,G,0,2,12,1.5,0.125,3,5,0,0,0,0,0,0,0,0,0,0,0,0,0,0,0
7/7/21,Eighteen,Final,,"no new umw, but additional duelers away from gam",0,0,9,61,17,6,1,0,0,SP,F100,6,1,1,0,2.592,,,,,17,C,F100A,OWO,G,G,G,0,0,0,0,0,1,1,0,0,0,0,0,0,1,0,0,0,0,0,0,0,0
2/28/22,Eighteen,Final,,,0,0,19,0,52,3,2,1,1,SP,F103,9,1,1,0,2.833,,,,,18,D,F103,YGY,G,G,G,0,0,0,0,0,0,0,0,0,0,0,0,0,0,0,0,0,0,0,0,0,0
2/28/22,Eighteen,Final,,,0,0,19,0,52,3,2,1,1,SP,F103,8,1,1,0,2.534,,,,,19,D,F103,YOY,G,G,G,0,0,0,0,0,4,5,0,0,0,0,0,0,1,0,0,0,0,1,1,0,0
2/28/22,Eighteen,Final,,,0,0,19,0,52,3,2,1,1,SP,F103,,,,,,,,,,20,D,F103,OWO,W,W,W,0,0,0,0,0,0,0,0,0,0,0,0,0,0,0,0,0,0,0,0,8,0
2/28/22,Eighteen,Final,,,0,0,19,0,52,3,2,1,1,SP,F103,,,,,,,,,,21,D,F103,OB,W,W,W,0,0,0,0,0,0,0,0,0,0,0,0,0,0,0,0,0,0,0,0,6,0
2/28/22,Eighteen,Final,,,0,0,19,0,52,3,2,1,1,SP,F103,,,,,,,,,,22,D,F103,YMO,W,W,W,0,0,0,0,0,0,0,0,0,0,0,0,0,0,0,0,0,0,0,0,4,0
11/23/21,Eighteen,Final,1,,1,0,9,1,47,9,6,1,1,IP,F105,5,1,1,0,2.77,,,,,23,E,F105,GOG,G,G,G,0,0,0,0,0,3,3,1,0,0,0,0,0,0,0,0,0,0,0,0,0,0
11/23/21,Eighteen,Final,1,,1,0,9,1,47,9,6,1,1,IP,F105,7,1,1,0,2.903,,,,,24,E,F105,YGY,G,G,G,0,1,2,0.333333333,0.037037037,0,0,2,0,0,0,0,0,0,0,0,0,0,0,0,0,0
11/23/21,Eighteen,Final,1,,1,0,9,1,47,9,6,1,1,IP,F105,5,1,1,0,2.652,,,,,25,E,F105,GYG,G,G,G,0,4,24,4,0.444444444,2,3,0,0,0,0,0,0,0,0,0,0,0,0,0,0,0
11/23/21,Eighteen,Final,1,,1,0,9,1,47,9,6,1,1,IP,F105,0,1,1,0,2.715,,,,,26,E,F105,GOW,G,G,G,0,3,11,1.833333333,0.203703704,2,2,1,0,0,0,0,0,0,0,0,0,0,0,0,0,0
11/23/21,Eighteen,Final,1,,1,0,9,1,47,9,6,1,1,IP,F105,6,1,1,0,2.704,,,,,27,E,F105,OBO,G,G,G,0,3,9,1.5,0.166666667,1,1,1,0,0,0,0,0,0,0,0,1,0,0,1,0,0
11/23/21,Eighteen,Final,1,,1,0,9,1,47,9,6,1,1,IP,F105,5,1,1,0,2.765,,,,,28,E,F105,WGW,G,G,G,0,0,0,0,0,1,3,0,0,0,0,0,0,2,1,1,0,0,0,0,0,0
7/28/21,Eighteen,Final,,,0,0,7,1,18,7,1,0,0,SP,F105,0,1,0,1,2.596,,,,,29,F,F105/2,GWG,W,W,W,0,0,0,0,0,0,0,0,0,0,0,0,0,4,0,0,0,0,0,0,1,0
7/28/21,Eighteen,Final,,,0,0,7,1,18,7,1,0,0,SP,F105,6,1,1,0,3.026,,,,,30,F,F105/2,OGO,G,G,G,0,0,0,0,0,0,0,0,0,0,0,0,0,0,0,0,0,0,0,0,0,0
7/28/21,Eighteen,Final,,,0,0,7,1,18,7,1,0,0,SP,F105,1,1,1,0,2.754,,,,,31,F,F105/2,OYO,W,W,W,0,0,0,0,0,0,0,0,0,0,0,0,0,0,0,0,0,0,0,0,0,0
12/31/19,Twelve,Final,,,0,1,19,17,,,2,1,1,SP,F107,4,1,1,,,,,,,32,G,F107/1,OG,G,G,G,0,0,0,0,0,0,0,0,0,0,0,0,0,1,0,0,0,0,0,0,1,0
12/31/19,Twelve,Final,,,0,1,19,17,,,2,1,1,SP,F107,6,1,1,,,,,,,33,G,F107/1,GGY(-/BLU),G,G,G,0,0,0,0,0,0,0,0,0,0,0,0,0,0,0,0,0,1,0,1,0,0
12/31/19,Twelve,Final,,,0,1,19,17,,,2,1,1,SP,F107,,,,,,,,,,34,G,F107/1,YB,W,W,W,0,1,1,0.5,0.026315789,1,1,2,0,0,0,0,1,4,0,0,4,1,0,5,0,0
12/31/19,Twelve,Final,,,0,1,19,17,,,2,1,1,SP,F107,,,,,,,,,,35,G,F107/1,white (previously umw),unclear,NG,NG,1,1,1,0.5,0.026315789,2,4,0,0,0,0,0,1,1,0,0,0,6,1,6,1,0
6/8/21,Eighteen,Final,,,0,0,18,84,23,11,2,1,1,SP,F111,6,1,1,0,2.708,,,,,36,H,F111,WBW,G,G,G,0,0,0,0,0,2,2,0,0,0,0,0,0,0,0,0,1,0,0,1,0,0
6/8/21,Eighteen,Final,,,0,0,18,84,23,11,2,1,1,SP,F111,7,1,1,0,2.79,,,,,37,H,F111,POP,G,G,G,0,0,0,0,0,2,9,0,0,0,0,0,0,0,0,0,1,0,0,1,0,0
2/28/22,Eighteen,Final,1,,1,0,7,0,30,5,5,1,1,IP,F111,5,1,1,0,2.536,,,,,38,I,F111/1,PGP,G,G,G,0,0,0,0,0,0,0,0,0,0,0,0,1,0,0,0,0,0,0,0,0,0
2/28/22,Eighteen,Final,1,,1,0,7,0,30,5,5,1,1,IP,F111,5,1,1,0,2.558,,,,,39,I,F111/1,GPG,G,G,G,0,0,0,0,0,0,0,0,0,0,0,0,0,0,0,0,0,0,2,2,0,0
2/28/22,Eighteen,Final,1,,1,0,7,0,30,5,5,1,1,IP,F111,4,1,1,0,2.514,,,,,40,I,F111/1,WPW,G,G,G,0,0,0,0,0,0,0,0,0,0,0,0,0,0,0,0,0,0,1,1,0,0
2/28/22,Eighteen,Final,1,,1,0,7,0,30,5,5,1,1,IP,F111,3,1,1,0,2.417,,,,,41,I,F111/1,PWP,G,G,G,0,0,0,0,0,0,0,0,0,0,0,0,0,1,0,0,0,0,1,1,0,0
2/28/22,Eighteen,Final,1,,1,0,7,0,30,5,5,1,1,IP,F111,3,1,1,0,2.53,,,,,42,I,F111/1,PBP,G,G,G,0,0,0,0,0,0,0,0,0,0,0,0,1,1,0,0,0,0,0,0,0,0
4/14/20,Twelve,Final,,,0,1,15,22,,,1,0,0,SP,F20,5,1,1,,2.878,,,,,43,J,F20/1,P,G,G,G,0,14,215,215,14.33333333,5,6,2,0,0,0,0,0,0,0,0,0,0,0,0,1,0
4/14/20,Twelve,Final,,,0,1,15,22,,,1,0,0,SP,F20,,,,,,,,,,44,J,F20/1,W,unclear,NG,NG,1,14,171,171,11.4,1,1,0,0,0,0,0,0,0,0,0,0,0,0,0,0,0
4/14/20,Twelve,Final,,,0,1,15,22,,,1,0,0,SP,F20,,,,,,,,,,45,J,F20/1,WGW,unclear,NG,NG,1,4,24,24,1.6,0,0,1,0,0,0,0,0,0,0,0,0,0,0,0,0,0
4/14/20,Twelve,Final,,,0,1,15,22,,,1,0,0,SP,F20,,,,,,,,,,46,J,F20/1,WPW,W,W,W,0,0,0,0,0,0,0,0,0,0,0,0,2,0,0,0,0,0,0,0,1,0
4/14/20,Twelve,Final,,,0,1,15,22,,,1,0,0,SP,F20,,,,,,,,,,47,J,F20/1,YWY,unclear,NG,NG,1,10,154,154,10.26666667,0,0,1,0,0,0,0,0,0,0,0,0,0,0,0,0,0
4/14/20,Twelve,Final,,,0,1,15,22,,,1,0,0,SP,F20,,,,,,,,,,48,J,F20/1,YBY,W,W,W,0,1,12,12,0.8,0,0,0,0,0,0,0,2,0,0,0,0,1,1,2,3,0
4/14/20,Twelve,Final,,,0,1,15,22,,,1,0,0,SP,F20,,,,,,,,,,49,J,F20/1,YGY,W,W,W,0,0,0,0,0,0,0,0,0,0,0,0,0,2,0,0,0,0,0,0,8,0
1/5/20,Twelve,Final,,,0,0,12,46,,,1,0,0,SP,F21,5,1,1,,,,,,,50,K,F21/1,O,G,G,G,0,0,0,0,0,1,2,0,0,0,0,0,0,0,0,0,0,0,0,0,0,0
1/5/20,Twelve,Final,,,0,0,12,46,,,1,0,0,SP,F21,,,,,,,,,,51,K,F21/1,Y,W,W,W,0,0,0,0,0,0,0,0,0,0,0,0,2,0,0,0,2,1,1,4,1,0
1/5/20,Twelve,Final,,,0,0,12,46,,,1,0,0,SP,F21,,,,,,,,,,52,K,F21/1,B,W,W,W,0,0,0,0,0,0,0,0,0,0,0,0,0,1,0,0,1,0,0,1,0,0
1/5/20,Twelve,Final,,,0,0,12,46,,,1,0,0,SP,F21,,,,,,,,,,53,K,F21/1,WPW,W,W,W,0,0,0,0,0,0,0,0,0,0,0,0,1,2,1,1,0,0,0,0,0,0
1/5/20,Twelve,Final,,,0,0,12,46,,,1,0,0,SP,F21,,,,,,,,,,54,K,F21/1,YPY,W,W,W,0,0,0,0,0,0,0,0,0,0,0,0,0,1,0,0,0,0,0,0,0,0
1/5/20,Twelve,Final,,,0,0,12,46,,,1,0,0,SP,F21,,,,,,,,,,55,K,F21/1,OYO,W,W,W,0,0,0,0,0,0,0,0,0,0,0,0,2,1,0,0,1,1,0,1,0,0
1/5/20,Twelve,Final,,,0,0,12,46,,,1,0,0,SP,F21,,,,,,,,,,56,K,F21/1,BOB,W,W,W,0,0,0,0,0,0,0,0,0,0,0,0,1,1,0,0,1,0,1,2,1,0
3/11/20,Twelve,Final,1,,0,0,6,17,,,4,1,1,IP,F21,4,1,1,,2.488,,,,,57,L,F21/1A,WYW,G,G,G,0,0,0,0,0,0,0,0,0,0,0,0,0,0,0,0,0,0,0,0,2,0
3/11/20,Twelve,Final,1,,0,0,6,17,,,4,1,1,IP,F21,,,,,,,,,,58,L,F21/1A,YBY,G,G,G,0,0,0,0,0,0,0,0,0,0,0,0,0,0,0,0,0,2,0,2,0,0
3/11/20,Twelve,Final,1,,0,0,6,17,,,4,1,1,IP,F21,3,1,1,,2.599,,,,,59,L,F21/1A,G,G,G,G,0,0,0,0,0,0,0,0,0,0,0,0,0,0,0,0,0,3,1,4,0,0
3/11/20,Twelve,Final,1,,0,0,6,17,,,4,1,1,IP,F21,2,0,1,,2.478,,,,,60,L,F21/1A,OBO,G,G,G,0,0,0,0,0,0,0,0,0,0,0,0,0,0,0,0,0,3,1,4,0,0
2/28/22,Eighteen,Final,,,0,0,53,14,100,27,3,1,1,SP,F30,11,1,1,0,2.759,,,,,61,M,F30,OBO,G,G,G,0,2,9,3,0.056603774,2,2,0,0,0,0,0,0,0,0,0,0,1,0,1,0,0
2/28/22,Eighteen,Final,,,0,0,53,14,100,27,3,1,1,SP,F30,12,1,1,0,2.835,,,,,62,M,F30,BOB,G,G,G,0,3,14,4.666666667,0.088050314,0,0,0,0,0,0,0,0,0,0,0,0,1,0,1,0,0
2/28/22,Eighteen,Final,,,0,0,53,14,100,27,3,1,1,SP,F30,12,1,1,0,2.889,,,,,63,M,F30,GOG,G,G,G,0,4,19,6.333333333,0.119496855,3,3,0,0,0,0,0,0,0,1,1,0,0,0,0,0,0
4/22/21,Eighteen,Final,,,0,0,13,62,70,9,8,1,1,IP,F32,3,1,1,,2.574,,,,,64,N,F32,WGW,G,G,G,0,3,13,1.625,0.125,2,4,1,0,0,0,0,0,0,0,0,0,1,0,1,0,0
4/22/21,Eighteen,Final,,,0,0,13,62,70,9,8,1,1,IP,F32,5,1,1,,2.703,,,,,65,N,F32,OYO,G,G,G,0,4,29,3.625,0.278846154,0,0,1,0,0,0,0,0,0,0,0,1,1,0,2,0,0
4/22/21,Eighteen,Final,,,0,0,13,62,70,9,8,1,1,IP,F32,4,1,1,,2.487,,,,,66,N,F32,BOB,G,G,G,0,3,26,3.25,0.25,1,1,0,0,0,0,0,0,0,0,0,1,5,1,7,0,0
4/22/21,Eighteen,Final,,,0,0,13,62,70,9,8,1,1,IP,F32,4,1,1,,2.513,,,,,67,N,F32,BYB,G,G,G,0,2,26,3.25,0.25,0,0,1,0,0,0,0,0,0,0,0,1,3,1,4,0,0
4/22/21,Eighteen,Final,,,0,0,13,62,70,9,8,1,1,IP,F32,4,1,1,,2.654,,,,,68,N,F32,GWG,G,G,G,0,1,10,1.25,0.096153846,0,0,0,0,0,0,0,0,0,0,0,1,2,1,4,0,0
4/22/21,Eighteen,Final,,,0,0,13,62,70,9,8,1,1,IP,F32,6,1,1,,2.828,,,,,69,N,F32,OGO,G,G,G,0,0,0,0,0,0,0,0,0,0,0,0,0,1,0,0,0,1,0,1,0,0
4/22/21,Eighteen,Final,,,0,0,13,62,70,9,8,1,1,IP,F32,5,1,1,,2.739,,,,,70,N,F32,OBO,G,G,G,0,1,9,1.125,0.086538462,0,1,2,0,0,0,0,0,0,1,1,1,2,0,3,0,0
4/22/21,Eighteen,Final,,,0,0,13,62,70,9,8,1,1,IP,F32,4,0,1,,2.828,,,,,71,N,F32,OPO,G,G,G,0,0,0,0,0,0,0,0,0,0,0,0,0,0,0,0,0,0,0,0,0,0
7/28/21,Eighteen,Final,,,1,0,21,42,16,7,2,1,1,SP,F32,5,1,1,0,2.778,,,,,72,O,F32A,YBY,G,G,G,0,0,0,0,0,3,6,0,0,0,0,0,0,1,0,0,0,0,0,0,0,0
7/28/21,Eighteen,Final,,,1,0,21,42,16,7,2,1,1,SP,F32,4,1,1,0,2.69,,,,,73,O,F32A,BYB,G,G,G,0,0,0,0,0,1,2,0,0,0,0,0,0,1,0,0,0,0,0,0,0,0
7/28/21,Eighteen,Final,,,1,0,21,42,16,7,2,1,1,SP,F32,0,1,1,1,2.579,,,,,74,O,F32A,MYM,RG,RG,RG,1,0,0,0,0,0,0,0,0,0,0,0,0,0,0,0,0,0,0,0,9,0
4/14/20,Twelve,Final,1,,0,0,13,38,,,7,1,1,IP,F44,6,1,1,,2.74,,,,,75,P,F44,OB(-/slv),G,G,G,0,4,5,0.714285714,0.054945055,2,3,0,0,0,0,0,0,0,0,0,0,0,0,0,0,0
4/14/20,Twelve,Final,1,,0,0,13,38,,,7,1,1,IP,F44,,,,,,,,,,76,P,F44,W(-/lem),G,G,G,0,1,2,0.285714286,0.021978022,2,4,0,0,0,0,0,0,0,0,0,0,0,0,0,0,0
4/14/20,Twelve,Final,1,,0,0,13,38,,,7,1,1,IP,F44,7,0,1,,2.883,,,,,77,P,F44,B (-/blue),G,G,G,0,2,3,0.428571429,0.032967033,2,2,2,0,0,0,0,0,0,0,0,0,0,0,0,1,0
4/14/20,Twelve,Final,1,,0,0,13,38,,,7,1,1,IP,F44,,,,,,,,,,78,P,F44,G(-/lem),G,G,G,0,0,0,0,0,0,0,1,0,0,0,0,0,0,0,0,0,0,0,0,0,0
4/14/20,Twelve,Final,1,,0,0,13,38,,,7,1,1,IP,F44,,,,,,,,,,79,P,F44,P,G,G,G,0,1,1,0.142857143,0.010989011,0,0,0,0,0,0,0,0,0,0,0,0,0,1,1,0,0
4/14/20,Twelve,Final,1,,0,0,13,38,,,7,1,1,IP,F44,,,,,,,,,,80,P,F44,GY(-/olv),G,G,G,0,0,0,0,0,0,0,0,0,0,0,0,0,0,0,0,0,0,0,0,0,0
4/14/20,Twelve,Final,1,BYB may be in process of reverting,0,0,13,38,,,7,1,1,IP,F44,3,1,0,,2.913,,,,,81,P,F44,BYB,unclear,RG,RG,1,0,0,0,0,0,0,0,0,0,0,0,0,0,0,0,0,1,0,1,0,0
4/14/20,Twelve,Final,1,,0,0,13,38,,,7,1,1,IP,F44,,,,,,,,,,82,P,F44,YBY,G,G,G,0,1,1,0.142857143,0.010989011,1,1,0,0,0,0,0,1,0,0,0,0,0,0,0,0,0
3/11/20,Twelve,Final,,,0,0,5,42,,,1,0,0,SP,F48,7,1,1,,2.814,,,,,83,Q,F48,GPG,G,G,G,0,0,0,0,0,1,1,0,0,0,0,0,0,1,0,0,0,1,0,1,0,0
8/26/20,Twelve,Final,,,0,0,14,48,,,8,1,1,IP,F48,6,0,1,,,,,,,84,R,F48A,YWY,G,G,G,0,0,0,0,0,1,1,0,0,0,0,0,0,1,0,0,0,0,0,0,0,0
8/26/20,Twelve,Final,,,0,0,14,48,,,8,1,1,IP,F48,,,,,2.904,,,,,85,R,F48A,BGP,G,G,G,0,1,2,0.25,0.017857143,1,1,1,0,0,0,0,0,0,0,0,0,0,0,0,0,0
8/26/20,Twelve,Final,,,0,0,14,48,,,8,1,1,IP,F48,5,0,1,,,,,,,86,R,F48A,WGW,G,G,G,0,2,7,0.875,0.0625,2,3,1,0,0,0,0,0,0,0,0,0,0,1,1,0,0
8/26/20,Twelve,Final,,,0,0,14,48,,,8,1,1,IP,F48,,,,,2.719,,,,,87,R,F48A,GPB,G,G,G,0,0,0,0,0,0,0,1,0,0,0,0,0,0,0,0,0,0,0,0,0,0
8/26/20,Twelve,Final,,,0,0,14,48,,,8,1,1,IP,F48,,,,,2.81,,,,,88,R,F48A,BGB,G,G,G,0,0,0,0,0,4,7,0,0,0,0,0,0,0,0,0,0,0,1,1,0,0
8/26/20,Twelve,Final,,,0,0,14,48,,,8,1,1,IP,F48,7,0,1,,,,,,,89,R,F48A,OWO,G,G,G,0,0,0,0,0,0,0,0,0,0,0,0,0,1,0,0,0,0,0,0,0,0
8/26/20,Twelve,Final,,,0,0,14,48,,,8,1,1,IP,F48,5,1,1,,,,,,,90,R,F48A,WOW,G,G,G,0,0,0,0,0,0,0,0,0,0,0,0,0,0,0,0,0,0,0,0,0,0
8/26/20,Twelve,Final,,,0,0,14,48,,,8,1,1,IP,F48,4,0,1,,,,,,,91,R,F48A,GYG,G,G,G,0,1,4,0.5,0.035714286,0,0,1,0,0,0,0,0,0,0,0,0,0,0,0,0,0
10/2/20,Twelve,Final,,,0,0,13,69,,,8,1,1,IP,F97/1,5,1,1,,,,,,,92,S,F97/1,PYW,G,G,G,0,1,1,0.125,0.009615385,0,0,0,0,0,0,0,0,0,0,0,0,0,0,0,0,0
10/2/20,Twelve,Final,,,0,0,13,69,,,8,1,1,IP,F97/1,2,1,1,,,,,,,93,S,F97/1,PGP,G,G,G,0,1,2,0.25,0.019230769,0,0,0,0,0,0,0,0,0,0,0,0,2,0,2,0,0
10/2/20,Twelve,Final,,,0,0,13,69,,,8,1,1,IP,F97/1,3,0,1,,,,,,,94,S,F97/1,YPB,G,G,G,0,0,0,0,0,0,0,0,0,0,0,0,0,1,0,0,0,0,0,0,0,0
10/2/20,Twelve,Final,,,0,0,13,69,,,8,1,1,IP,F97/1,5,1,1,,2.795,,,,,95,S,F97/1,PWO,G,G,G,0,2,9,1.125,0.086538462,0,0,1,0,0,0,0,0,0,0,0,0,0,0,0,0,0
10/2/20,Twelve,Final,,,0,0,13,69,,,8,1,1,IP,F97/1,3,1,1,,2.95,,,,,96,S,F97/1,BOB,G,G,G,0,1,1,0.125,0.009615385,0,0,0,0,0,0,0,0,0,0,0,1,0,0,1,0,0
10/2/20,Twelve,Final,,,0,0,13,69,,,8,1,1,IP,F97/1,4,1,1,,,,,,,97,S,F97/1,OBO,G,G,G,0,0,0,0,0,0,0,0,0,0,0,0,0,0,0,0,0,0,0,0,0,0
10/2/20,Twelve,Final,,,0,0,13,69,,,8,1,1,IP,F97/1,4,1,1,,,,,,,98,S,F97/1,OGO,G,G,G,0,1,4,0.5,0.038461538,1,1,0,0,0,0,0,0,0,0,0,1,0,0,1,0,0
10/2/20,Twelve,Final,,,0,0,13,69,,,8,1,1,IP,F97/1,3,0,1,,,,,,,99,S,F97/1,OYO,G,G,G,0,1,6,0.75,0.057692308,0,0,0,0,0,0,0,0,0,0,0,0,0,0,0,0,0
10/2/20,Twelve,Final,,,0,0,13,69,,,8,1,1,IP,F97/1,,,,,,,,,,100,S,F97/1,YOY,unclear,W,W,1,0,0,0,0,0,0,1,0,0,0,0,0,0,0,0,1,0,0,1,7,0
9/12/20,Twelve,Final,,,0,0,16,15,,,10,1,1,IP,R017A,4,1,1,,2.738,,,,,101,T,R017A/2(16),YBY,G,G,G,0,0,0,0,0,1,3,0,0,0,0,0,0,0,0,0,0,0,0,0,0,0
9/12/20,Twelve,Final,,,0,0,16,15,,,10,1,1,IP,R017A,5,1,1,,,,,,,102,T,R017A/2(16),GMY,G,G,G,0,0,0,0,0,5,8,3,0,0,0,0,0,1,0,0,0,0,0,0,0,0
9/12/20,Twelve,Final,,,0,0,16,15,,,10,1,1,IP,R017A,4,1,1,,2.762,,,,,103,T,R017A/2(16),GBG,G,G,G,0,4,11,1.1,0.06875,5,7,2,0,0,0,0,0,0,0,0,0,0,0,0,0,0
9/12/20,Twelve,Final,,,0,0,16,15,,,10,1,1,IP,R017A,4,0,1,,,,,,,104,T,R017A/2(16),PGP,G,G,G,0,4,4,0.4,0.025,4,10,2,0,0,0,0,0,0,0,0,0,0,0,0,0,0
9/12/20,Twelve,Final,,,0,0,16,15,,,10,1,1,IP,R017A,5,0,1,,,,,,,105,T,R017A/2(16),YBP,G,G,G,0,2,2,0.2,0.0125,2,3,2,0,0,0,0,0,0,0,0,0,0,0,0,0,0
9/12/20,Twelve,Final,,,0,0,16,15,,,10,1,1,IP,R017A,7,1,1,,2.761,,,,,106,T,R017A/2(16),BWB,G,G,G,0,0,0,0,0,7,9,0,0,0,0,0,0,0,0,0,0,0,0,0,0,0
9/12/20,Twelve,Final,,,0,0,16,15,,,10,1,1,IP,R017A,5,1,1,,,,,,,107,T,R017A/2(16),PWP,G,G,G,0,0,0,0,0,2,3,1,0,0,0,0,0,0,0,0,0,0,0,0,0,0
9/12/20,Twelve,Final,,,0,0,16,15,,,10,1,1,IP,R017A,6,0,1,,,,,,,108,T,R017A/2(16),BYB,G,G,G,0,0,0,0,0,1,1,0,0,0,0,0,0,0,0,0,0,0,0,0,0,0
9/12/20,Twelve,Final,,,0,0,16,15,,,10,1,1,IP,R017A,5,1,1,,,,,,,109,T,R017A/2(16),GMW,G,G,G,0,1,2,0.2,0.0125,1,1,1,0,0,0,0,0,0,0,0,0,0,1,1,0,0
9/12/20,Twelve,Final,,,0,0,16,15,,,10,1,1,IP,R017A,4,0,1,,,,,,,110,T,R017A/2(16),PBP,G,G,G,0,2,6,0.6,0.0375,3,5,1,0,0,0,0,0,0,0,0,0,0,0,0,0,0
1/6/20,Twelve,Final,,,0,0,24,69,,,2,1,1,SP,R15,6,1,1,,2.861,,,,,111,U,R15A(118),O,G,G,G,0,0,0,0,0,1,1,0,0,0,0,0,0,0,0,0,0,0,0,0,0,0
1/6/20,Twelve,Final,,,0,0,24,69,,,2,1,1,SP,R15,6,1,1,,2.791,,,,,112,U,R15A(118),YOY,G,G,G,0,0,0,0,0,0,0,0,0,0,0,0,0,1,0,0,0,1,0,1,0,0
8/28/20,Twelve,Final,1,,0,0,8,17,,,5,1,1,IP,R15,6,1,1,,2.86,,,,,113,V,R15A(118E),white,G,G,G,0,0,0,0,0,0,0,0,0,0,0,0,0,0,0,0,0,0,0,0,0,0
8/28/20,Twelve,Final,1,,0,0,8,17,,,5,1,1,IP,R15,5,0,1,,,,,,,114,V,R15A(118E),blue,G,G,G,0,0,0,0,0,0,0,0,0,0,0,0,0,1,0,0,0,0,0,0,0,0
8/28/20,Twelve,Final,1,,0,0,8,17,,,5,1,1,IP,R15,5,1,1,,2.855,,,,,115,V,R15A(118E),yellow,G,G,G,0,0,0,0,0,0,0,0,0,0,0,0,0,0,0,0,0,0,0,0,0,0
8/28/20,Twelve,Final,1,,0,0,8,17,,,5,1,1,IP,R15,3,1,1,,2.693,,,,,116,V,R15A(118E),yellow-orange,G,G,G,0,0,0,0,0,1,1,0,0,0,0,0,0,1,0,0,0,0,0,0,0,0
8/28/20,Twelve,Final,1,,0,0,8,17,,,5,1,1,IP,R15,4,0,1,,,,,,,117,V,R15A(118E),blue-orange,G,G,G,0,0,0,0,0,0,0,0,0,0,0,0,0,0,0,0,0,0,0,0,0,0
10/31/20,Twelve,Final,,,0,0,10,19,,,2,1,1,SP,R17,3,1,1,,2.483,,,,,118,W,R17(24B),B,G,G,G,0,0,0,0,0,0,0,0,0,0,0,0,0,1,0,0,0,0,0,0,0,0
10/31/20,Twelve,Final,,,0,0,10,19,,,2,1,1,SP,R17,6,1,1,,2.821,,,,,119,W,R17(24B),Y,G,G,G,0,0,0,0,0,0,0,0,0,0,0,0,0,0,1,1,0,0,0,0,0,0
10/31/20,Twelve,Final,,,0,0,10,19,,,2,1,1,SP,R17,,,,,,,,,,120,W,R17(24B),OPO,W,W,W,0,0,0,0,0,0,0,0,0,0,0,0,2,1,0,0,0,0,1,1,0,0
10/31/20,Twelve,Final,,,0,0,10,19,,,2,1,1,SP,R17,,,,,,,,,,121,W,R17(24B),GOG,W,W,W,0,0,0,0,0,0,0,0,0,0,0,0,2,0,0,0,0,0,2,2,0,0
9/18/20,Twelve,Final,,,0,0,11,53,,,7,1,1,IP,R1,3,1,1,,,,,,,122,X,R1G/2 (18B),BOB,G,G,G,0,2,9,1.285714286,0.116883117,0,0,1,0,0,0,0,0,0,0,0,0,1,0,1,0,0
9/18/20,Twelve,Final,,,0,0,11,53,,,7,1,1,IP,R1,5,1,1,,,,,,,123,X,R1G/2 (18B),BYB,G,G,G,0,1,9,1.285714286,0.116883117,0,0,0,0,0,0,0,0,0,0,0,0,1,0,1,0,0
9/18/20,Twelve,Final,,,0,0,11,53,,,7,1,1,IP,R1,5,1,1,,2.736,,,,,124,X,R1G/2 (18B),BGB,G,G,G,0,1,5,0.714285714,0.064935065,0,0,0,0,0,0,0,0,0,0,0,0,0,0,0,0,0
9/18/20,Twelve,Final,,,0,0,11,53,,,7,1,1,IP,R1,6,1,1,,,,,,,125,X,R1G/2 (18B),GBG,G,G,G,0,1,1,0.142857143,0.012987013,0,0,0,0,0,0,0,0,0,0,0,0,0,0,0,0,0
9/18/20,Twelve,Final,,,0,0,11,53,,,7,1,1,IP,R1,5,0,1,,,,,,,126,X,R1G/2 (18B),YBY,G,G,G,0,1,3,0.428571429,0.038961039,0,0,1,0,0,0,0,0,0,0,0,4,0,0,4,0,0
9/18/20,Twelve,Final,,,0,0,11,53,,,7,1,1,IP,R1,6,1,1,,2.98,,,,,127,X,R1G/2 (18B),BYG,G,G,G,0,2,15,2.142857143,0.194805195,1,1,0,0,0,0,0,0,0,0,0,2,0,0,2,0,0
9/18/20,Twelve,Final,,,0,0,11,53,,,7,1,1,IP,R1,5,1,1,,,,,,,128,X,R1G/2 (18B),YOY,G,G,G,0,2,6,0.857142857,0.077922078,0,0,0,0,0,0,0,0,0,0,0,2,1,0,2,0,0
10/2/20,Twelve,Final,,,0,0,20,65,,,2,1,1,SP,R1,5,1,1,,2.672,,,,,129,Y,R1Q(2),GWG,G,G,G,0,0,0,0,0,0,0,0,0,0,0,0,0,0,0,0,0,0,0,0,0,0
10/2/20,Twelve,Final,,,0,0,20,65,,,2,1,1,SP,R1,9,1,1,,2.781,,,,,130,Y,R1Q(2),GOG,G,G,G,0,0,0,0,0,0,0,0,0,0,0,0,0,1,0,0,1,0,0,1,0,0
6/10/21,Eighteen,Final,,,1,,6,61,3,0,0,0,0,SP,R22,0,1,0,,2.526,,,,,131,Z,R22G/1(49B),OWO,unclear,RG,RG,1,0,0,#DIV/0!,#DIV/0!,0,0,0,0,0,0,0,0,0,0,0,0,1,0,1,0,0
12/31/19,Twelve,Final,,,0,0,12,9,,,8,1,1,IP,R22,5,1,1,,,,,,,132,AA,R22G/1(49E),GOG,G,G,G,0,9,188,23.5,1.958333333,9,24,0,0,0,0,0,0,0,0,0,0,0,0,0,0,0
12/31/19,Twelve,Final,,,0,0,12,9,,,8,1,1,IP,R22,,,,,,,,,,133,AA,R22G/1(49E),BW,G,G,G,0,12,116,14.5,1.208333333,6,8,5,0,0,0,0,0,0,0,0,0,0,0,0,0,0
12/31/19,Twelve,Final,,,0,0,12,9,,,8,1,1,IP,R22,,,,,,,,,,134,AA,R22G/1(49E),GPG,G,G,G,0,11,108,13.5,1.125,2,3,2,0,0,0,0,0,0,0,0,0,0,1,1,0,0
12/31/19,Twelve,Final,,,0,0,12,9,,,8,1,1,IP,R22,,,,,,,,,,135,AA,R22G/1(49E),OGO,G,G,G,0,11,107,13.375,1.114583333,2,2,4,0,0,0,0,0,0,0,0,0,0,0,0,0,0
12/31/19,Twelve,Final,,,0,0,12,9,,,8,1,1,IP,R22,5,1,1,,,,,,,136,AA,R22G/1(49E),G,G,G,G,0,8,66,8.25,0.6875,2,2,4,0,0,0,0,0,0,0,0,0,1,1,1,0,0
12/31/19,Twelve,Final,,,0,0,12,9,,,8,1,1,IP,R22,,,,,,,,,,137,AA,R22G/1(49E),OB,G,G,G,0,13,121,15.125,1.260416667,4,4,3,0,0,0,0,0,1,0,0,1,0,0,1,0,0
12/31/19,Twelve,Final,,,0,0,12,9,,,8,1,1,IP,R22,,,,,,,,,,138,AA,R22G/1(49E),YGY,G,G,G,0,12,202,25.25,2.104166667,8,20,2,0,0,0,0,0,0,0,0,0,0,0,0,0,0
12/31/19,Twelve,Final,,,0,0,12,9,,,8,1,1,IP,R22,,,,,,,,,,139,AA,R22G/1(49E),BOB,G,G,G,0,9,54,6.75,0.5625,3,3,3,0,0,0,0,0,0,0,0,0,0,0,0,0,0
7/7/21,Eighteen,Final,1,,1,1,14,28,38,0,7,1,1,IP,R3,3,1,1,0,2.913,,,,,140,AB,R3BA(3),OWO,G,G,G,0,8,61,8.714285714,0.62244898,0,0,0,0,0,0,0,0,0,0,0,0,0,0,0,0,0
7/7/21,Eighteen,Final,1,,1,1,14,28,38,0,7,1,1,IP,R3,1,1,1,1,2.596,,,,,141,AB,R3BA(3),BGB,RG,RG,RG,1,0,0,0,0,0,0,0,0,0,0,0,0,0,0,0,0,0,0,0,0,0
7/7/21,Eighteen,Final,1,,1,1,14,28,38,0,7,1,1,IP,R3,0,1,1,0,2.54,,,,,142,AB,R3BA(3),GWG,RG,RG,RG,1,0,0,0,0,0,0,0,0,0,0,0,1,0,0,0,0,0,0,0,2,0
7/7/21,Eighteen,Final,1,,1,1,14,28,38,0,7,1,1,IP,R3,3,1,1,0,2.701,,,,,143,AB,R3BA(3),WOW,G,G,G,0,11,107,15.28571429,1.091836735,1,1,0,0,0,0,0,0,0,0,0,0,0,0,0,0,0
7/7/21,Eighteen,Final,1,,1,1,14,28,38,0,7,1,1,IP,R3,0,0,1,1,2.627,,,,,144,AB,R3BA(3),WPW,RG,RG,RG,1,0,0,0,0,0,0,0,0,0,0,0,0,0,0,0,0,0,0,0,4,0
7/7/21,Eighteen,Final,1,,1,1,14,28,38,0,7,1,1,IP,R3,4,1,1,0,2.821,,,,,145,AB,R3BA(3),GBG,G,G,G,0,9,108,15.42857143,1.102040816,0,0,0,0,0,0,0,0,0,0,0,0,0,0,0,0,0
7/7/21,Eighteen,Final,1,,1,1,14,28,38,0,7,1,1,IP,R3,1,0,1,,2.512,,,,,146,AB,R3BA(3),BPB,G,G,G,0,11,116,16.57142857,1.183673469,0,0,0,0,0,0,0,0,1,0,0,0,0,0,0,0,0
7/7/21,Eighteen,Final,1,,1,1,14,28,38,0,7,1,1,IP,R3,0,1,1,1,2.515,,,,,147,AB,R3BA(3),PBP,G,G,G,0,13,212,30.28571429,2.163265306,0,0,1,0,0,0,0,0,1,0,0,0,0,0,0,0,0
7/7/21,Eighteen,Final,1,,1,1,14,28,38,0,7,1,1,IP,R3,4,1,1,0,2.94,,,,,148,AB,R3BA(3),WGW,G,G,G,0,10,141,20.14285714,1.43877551,2,2,0,0,0,0,0,1,0,0,0,0,0,0,0,0,0
7/7/21,Eighteen,Final,1,,1,1,14,28,38,0,7,1,1,IP,R3,4,1,1,0,2.829,,,,,149,AB,R3BA(3),GOG,G,G,G,0,9,82,11.71428571,0.836734694,0,0,0,0,0,0,0,0,0,0,0,0,0,0,0,0,0
7/7/21,Eighteen,Final,1,,1,1,14,28,38,0,7,1,1,IP,R3,0,1,1,1,2.403,,,,,150,AB,R3BA(3),BOB,RG,RG,RG,1,0,0,0,0,0,0,0,0,0,0,0,0,1,0,0,0,0,0,0,0,0
7/7/21,Eighteen,Final,1,OBO is a worker at this time,1,1,14,28,38,0,7,1,1,IP,R3,0,0,0,0,2.5,,,,,151,AB,R3BA(3),OBO,W,W,W,0,0,0,0,0,0,0,0,0,0,0,0,0,0,0,0,0,0,0,0,0,0
4/14/22,Eighteen,Final,,,0,1,25,0,69,1,2,1,1,SP,R3,7,1,1,0,,,,,,152,AC,R3BA3A,YOY,G,G,G,0,3,5,2.5,0.1,0,0,3,0,0,0,0,0,0,0,0,0,0,0,0,0,0
4/14/22,Eighteen,Final,,,0,1,25,0,69,1,2,1,1,SP,R3,6,1,1,0,2.354,,,,,153,AC,R3BA3A,BYO,G,G,G,0,3,19,9.5,0.38,3,4,0,0,0,0,0,0,0,0,0,0,0,0,0,0,0
1/5/20,Twelve,Final,,,0,0,8,31,,,5,1,1,IP,R4,4,1,1,,,,,,,154,AD,R4A(83),P,G,G,G,0,0,0,0,0,0,0,0,0,0,0,0,0,0,0,0,5,0,0,5,0,0
1/5/20,Twelve,Final,,,0,0,8,31,,,5,1,1,IP,R4,,,,,,,,,,155,AD,R4A(83),W,G,G,G,0,0,0,0,0,0,0,0,0,0,0,0,0,0,0,0,0,0,0,0,0,0
1/5/20,Twelve,Final,,,0,0,8,31,,,5,1,1,IP,R4,,,,,,,,,,156,AD,R4A(83),O,G,G,G,0,0,0,0,0,0,0,0,0,0,0,0,0,0,0,0,0,1,0,1,0,0
1/5/20,Twelve,Final,,,0,0,8,31,,,5,1,1,IP,R4,,,,,,,,,,157,AD,R4A(83),G,W,W,W,0,0,0,0,0,0,0,0,0,0,0,0,0,0,0,0,1,4,0,5,1,0
1/5/20,Twelve,Final,,,0,0,8,31,,,5,1,1,IP,R4,6,1,1,,2.727,,,,,158,AD,R4A(83),Y,G,G,G,0,0,0,0,0,0,0,0,0,0,0,0,0,0,0,0,0,0,0,0,0,0
1/5/20,Twelve,Final,,,0,0,8,31,,,5,1,1,IP,R4,3,1,1,,2.811,,,,,159,AD,R4A(83),WPW,G,G,G,0,0,0,0,0,0,0,0,0,0,0,0,0,0,0,0,1,0,0,1,0,0
3/9/20,Twelve,Final,1,,0,1,22,40,,,2,1,1,SP,R4,,,,,2.84,,,,,160,AE,R4A(83)B,PWB,G,G,G,0,2,16,8,0.363636364,2,2,0,1,1,0,0,0,0,0,0,0,1,0,1,0,0
3/9/20,Twelve,Final,1,,0,1,22,40,,,2,1,1,SP,R4,,,,,2.72,,,,,161,AE,R4A(83)B,BPW,G,G,G,0,1,1,0.5,0.022727273,0,0,2,0,0,0,0,0,0,0,0,1,0,0,1,0,0
3/9/20,Twelve,Final,1,,0,1,22,40,,,2,1,1,SP,R4,,,,,,,,,,162,AE,R4A(83)B,Y,NG2,NG,NG,1,6,42,21,0.954545455,2,2,0,0,0,0,0,0,0,0,0,0,0,0,0,0,0
3/9/20,Twelve,Final,1,,0,1,22,40,,,2,1,1,SP,R4,,,,,,,,,,163,AE,R4A(83)B,O,NG2,NG,NG,1,4,25,12.5,0.568181818,0,0,0,0,0,0,0,0,0,0,0,0,1,0,1,0,0
3/9/20,Twelve,Final,1,,0,1,22,40,,,2,1,1,SP,R4,,,,,,,,,,164,AE,R4A(83)B,G,NG2,NG,NG,1,7,38,19,0.863636364,2,2,0,0,0,0,0,0,0,0,0,0,0,0,0,0,0
3/9/20,Twelve,Final,1,,0,1,22,40,,,2,1,1,SP,R4,,,,,,,,,,165,AE,R4A(83)B,WBP,W,W,W,0,0,0,0,0,1,1,0,0,0,0,0,0,1,0,0,0,0,0,0,9,0
3/9/20,Twelve,Final,1,,0,1,22,40,,,2,1,1,SP,R4,,,,,,,,,,166,AE,R4A(83)B,B,W,W,W,0,0,0,0,0,0,0,1,0,0,0,0,0,0,1,1,0,0,0,0,8,0
6/8/21,Eighteen,Final,,,1,0,16,19,101,3,9,1,1,IP,R5,5,1,1,0,2.544,,,,,167,AF,R5(117C),BYB,G,G,G,0,0,0,0,0,0,0,0,0,0,0,0,0,0,0,0,0,0,0,0,0,0
6/8/21,Eighteen,Final,,,1,0,16,19,101,3,9,1,1,IP,R5,2,1,1,0,2.632,,,,,168,AF,R5(117C),GWG,G,G,G,0,0,0,0,0,0,0,0,0,0,0,0,1,0,1,1,2,2,0,4,0,0
6/8/21,Eighteen,Final,,,1,0,16,19,101,3,9,1,1,IP,R5,4,1,1,0,2.646,,,,,169,AF,R5(117C),OYO,G,G,G,0,0,0,0,0,1,1,0,0,0,0,0,0,0,0,0,0,0,0,0,0,0
6/8/21,Eighteen,Final,,,1,0,16,19,101,3,9,1,1,IP,R5,3,1,1,0,2.528,,,,,170,AF,R5(117C),YOY,G,G,G,0,0,0,0,0,0,0,0,0,0,0,0,0,0,0,0,0,1,2,2,0,0
6/8/21,Eighteen,Final,,,1,0,16,19,101,3,9,1,1,IP,R5,5,1,1,0,2.642,,,,,171,AF,R5(117C),WP,G,G,G,0,0,0,0,0,0,0,1,0,0,0,0,0,0,0,0,0,2,0,2,0,0
6/8/21,Eighteen,Final,,,1,0,16,19,101,3,9,1,1,IP,R5,4,0,1,0,2.388,,,,,172,AF,R5(117C),WGW,G,G,G,0,0,0,0,0,0,0,0,0,0,0,0,0,0,1,1,0,0,0,0,0,0
6/8/21,Eighteen,Final,,,1,0,16,19,101,3,9,1,1,IP,R5,5,1,1,0,2.694,,,,,173,AF,R5(117C),PYP,G,G,G,0,0,0,0,0,0,0,1,0,0,0,0,0,0,0,0,0,1,0,1,0,0
6/8/21,Eighteen,Final,,,1,0,16,19,101,3,9,1,1,IP,R5,5,1,1,0,2.47,,,,,174,AF,R5(117C),ORANGE,G,G,G,0,0,0,0,0,1,2,0,0,0,0,0,0,0,0,0,0,0,0,0,0,0
6/8/21,Eighteen,Final,,,1,0,16,19,101,3,9,1,1,IP,R5,4,1,1,0,2.589,,,,,175,AF,R5(117C),GBG,G,G,G,0,0,0,0,0,3,6,0,0,0,0,0,3,0,0,0,0,0,0,0,0,0
6/8/21,Eighteen,Final,,,1,0,16,19,101,3,9,1,1,IP,R5,0,1,1,0,2.448,,,,,176,AF,R5(117C),OGO,RG,RG,RG,1,0,0,0,0,0,0,2,0,0,0,0,1,2,0,0,1,1,0,2,2,0
4/22/21,Eighteen,Final,,,0,0,25,45,37,12,2,1,1,SP,109,4,0,1,,2.489,,,,,177,AG,RGB(109),YGY,G,G,G,0,0,0,0,0,0,0,0,0,0,0,0,0,0,0,0,0,0,0,0,0,0
4/22/21,Eighteen,Final,,,0,0,25,45,37,12,2,1,1,SP,109,6,1,1,,2.57,,,,,178,AG,RGB(109),GOG,G,G,G,0,0,0,0,0,0,0,0,0,0,0,0,0,0,0,0,0,0,0,0,0,0
10/31/20,Twelve,Final,,,0,0,8,9,,,5,1,1,IP,109,5,1,1,,,,,,,179,AH,RGB(109B),POP,G,G,G,0,0,0,0,0,0,0,0,0,0,0,0,0,0,0,0,0,1,0,1,0,0
10/31/20,Twelve,Final,,,0,0,8,9,,,5,1,1,IP,109,6,0,1,,2.863,,,,,180,AH,RGB(109B),YPY,G,G,G,0,0,0,0,0,0,0,0,0,0,0,0,0,0,0,0,0,0,0,0,0,0
10/31/20,Twelve,Final,,,0,0,8,9,,,5,1,1,IP,109,5,0,1,,,,,,,181,AH,RGB(109B),PYP,G,G,G,0,0,0,0,0,0,0,0,0,0,0,0,0,0,0,0,0,5,0,5,0,0
10/31/20,Twelve,Final,,,0,0,8,9,,,5,1,1,IP,109,4,1,1,,2.825,,,,,182,AH,RGB(109B),MGO(-/BLU),G,G,G,0,0,0,0,0,0,0,0,0,0,0,0,0,1,0,0,0,0,0,0,0,0
10/31/20,Twelve,Final,,,0,0,8,9,,,5,1,1,IP,109,6,1,1,,,,,,,183,AH,RGB(109B),OYO,G,G,G,0,0,0,0,0,0,0,0,0,0,0,0,1,0,0,0,1,4,1,5,0,0
10/31/20,Twelve,Final,,,0,0,8,9,,,5,1,1,IP,109,,,,,,,,,,184,AH,RGB(109B),OPO,W,W,W,0,0,0,0,0,0,0,0,0,0,0,0,1,0,0,0,2,4,0,6,4,0
9/12/20,Twelve,Final,,,0,0,5,51,,,1,0,0,SP,RL86BI2,11,0,1,,2.848,,,,,185,AI,RL8.6B1(112B),YO,G,G,G,0,0,0,0,0,0,0,0,0,0,0,0,0,1,0,0,1,0,0,1,0,0
9/12/20,Twelve,Final,,,0,0,5,51,,,1,0,0,SP,RL86BI2,,,,,,,,,,186,AI,RL8.6B1(112B),B,W,W,W,0,0,0,0,0,0,0,0,0,0,0,0,0,0,0,0,0,5,3,6,2,0
4/14/22,Eighteen,Final,1,,1,1,22,9,136,5,13,1,1,IP,RL86BI,,,,,,,,,,187,AJ,RL86B1(112C),OYO,G,G,G,0,3,6,0.461538462,0.020979021,2,3,0,0,0,0,0,0,0,0,0,0,0,0,0,1,0
4/14/22,Eighteen,Final,1,,1,1,22,9,136,5,13,1,1,IP,RL86BI,9,1,1,0,2.609,,,,,188,AJ,RL86B1(112C),BOB,G,G,G,0,2,20,1.538461538,0.06993007,1,1,0,0,0,0,0,0,0,0,0,0,0,0,0,0,0
4/14/22,Eighteen,Final,1,,1,1,22,9,136,5,13,1,1,IP,RL86BI,8,1,1,0,2.619,,,,,189,AJ,RL86B1(112C),OBO,G,G,G,0,2,5,0.384615385,0.017482517,1,1,0,0,0,0,0,0,0,0,0,0,0,0,0,8,0
4/14/22,Eighteen,Final,1,,1,1,22,9,136,5,13,1,1,IP,RL86BI,0,1,1,1,2.404,,,,,190,AJ,RL86B1(112C),GOG,G,G,G,0,5,29,2.230769231,0.101398601,0,0,1,2,3,0,0,0,0,0,0,0,0,0,0,0,0
4/14/22,Eighteen,Final,1,,1,1,22,9,136,5,13,1,1,IP,RL86BI,,,,,,,,,,191,AJ,RL86B1(112C),GB,G,G,G,0,0,0,0,0,0,0,0,0,0,0,0,0,3,0,0,0,0,0,0,0,0
4/14/22,Eighteen,Final,1,,1,1,22,9,136,5,13,1,1,IP,RL86BI,,,,,,,,,,192,AJ,RL86B1(112C),OYB,G,G,G,0,0,0,0,0,0,0,0,1,9,0,0,0,0,0,0,0,0,0,0,8,0
4/14/22,Eighteen,Final,1,,1,1,22,9,136,5,13,1,1,IP,RL86BI,6,1,1,0,,,,,,193,AJ,RL86B1(112C),BYB,G,G,G,0,1,11,0.846153846,0.038461538,1,1,0,0,0,0,0,0,0,0,0,0,0,0,0,0,0
4/14/22,Eighteen,Final,1,,1,1,22,9,136,5,13,1,1,IP,RL86BI,6,1,1,0,2.671,,,,,194,AJ,RL86B1(112C),GYG,G,G,G,0,2,11,0.846153846,0.038461538,0,0,0,0,0,0,0,0,0,0,0,0,0,0,0,0,0
4/14/22,Eighteen,Final,1,,1,1,22,9,136,5,13,1,1,IP,RL86BI,,,,,,,,,,195,AJ,RL86B1(112C),OGO,G,G,G,0,2,4,0.307692308,0.013986014,0,0,0,0,0,0,0,0,0,0,0,0,0,0,0,0,0
4/14/22,Eighteen,Final,1,,1,1,22,9,136,5,13,1,1,IP,RL86BI,,,,,,,,,,196,AJ,RL86B1(112C),YOBO,G,G,G,0,1,16,1.230769231,0.055944056,1,1,0,0,0,0,0,0,0,0,0,0,0,0,0,0,0
4/14/22,Eighteen,Final,1,,1,1,22,9,136,5,13,1,1,IP,RL86BI,1,1,1,1,2.757,,,,,197,AJ,RL86B1(112C),YOY,RG,RG,RG,1,0,0,0,0,0,0,0,0,0,0,0,1,1,0,0,0,0,0,0,12,0
11/23/21,Eighteen,Final,,,0,0,18,4,29,8,1,0,0,SP,RO16A/2,12,1,1,0,2.965,,,,,198,AK,RO16A/2(64C),WOW,G,G,G,0,0,0,0,0,5,6,1,0,0,0,0,0,1,0,0,0,0,0,0,0,0
8/26/20,Twelve,Final,,,0,0,4,26,,,1,0,0,SP,RP5/2,6,1,1,,2.618,,,,,199,AL,RP5/2(1B),WYW,G,G,G,0,0,0,0,0,0,0,0,0,0,0,0,0,2,0,0,3,0,0,3,0,0
3/10/20,Twelve,Final,,,0,0,23,53,,,2,1,1,SP,S1,5,1,1,,2.695,,,,,200,AM,S1B1/2(77B),GBG,G,G,G,0,0,0,0,0,0,0,0,0,0,0,0,0,0,0,0,0,0,0,0,0,0
3/10/20,Twelve,Final,,,0,0,23,53,,,2,1,1,SP,S1,3,0,1,,2.95,,,,,201,AM,S1B1/2(77B),BGW,G,G,G,0,0,0,0,0,0,0,0,0,0,0,0,0,0,0,0,0,0,0,0,0,0
4/28/20,Twelve,Final,,,0,0,15,54,,,9,1,1,IP,SAFC 12,4,0,1,,,,,,,202,AN,SAFC 12,WYW,G,G,G,0,0,0,0,0,0,0,0,0,0,0,0,0,0,0,0,1,0,0,1,0,0
4/28/20,Twelve,Final,,,0,0,15,54,,,9,1,1,IP,SAFC 12,6,1,1,,2.937,,,,,203,AN,SAFC 12,GYM,G,G,G,0,1,5,0.555555556,0.037037037,0,0,0,0,0,0,0,0,0,0,0,1,0,0,1,0,0
4/28/20,Twelve,Final,,,0,0,15,54,,,9,1,1,IP,SAFC 12,4,1,1,,2.7,,,,,204,AN,SAFC 12,YWY,G,G,G,0,0,0,0,0,0,0,0,0,0,0,0,0,0,0,0,0,0,0,0,0,0
4/28/20,Twelve,Final,,,0,0,15,54,,,9,1,1,IP,SAFC 12,4,0,1,,,,,,,205,AN,SAFC 12,GYG,G,G,G,0,0,0,0,0,0,0,0,0,0,0,0,0,0,0,0,0,0,0,0,0,0
4/28/20,Twelve,Final,,,0,0,15,54,,,9,1,1,IP,SAFC 12,,,,,,,,,,206,AN,SAFC 12,YBY,G,G,G,0,0,0,0,0,0,0,0,0,0,0,0,0,0,0,0,0,1,0,1,0,0
4/28/20,Twelve,Final,,,0,0,15,54,,,9,1,1,IP,SAFC 12,,,,,,,,,,207,AN,SAFC 12,PYP,G,G,G,0,1,5,0.555555556,0.037037037,0,0,0,0,0,0,0,0,1,0,0,0,0,0,0,0,0
4/28/20,Twelve,Final,,,0,0,15,54,,,9,1,1,IP,SAFC 12,4,1,1,,2.917,,,,,208,AN,SAFC 12,YGY,G,G,G,0,0,0,0,0,0,0,0,0,0,0,0,0,1,0,0,0,0,0,0,0,0
4/28/20,Twelve,Final,,,0,0,15,54,,,9,1,1,IP,SAFC 12,5,1,1,,,,,,,209,AN,SAFC 12,BYB,G,G,G,0,0,0,0,0,0,0,0,0,0,0,0,0,0,0,0,1,0,0,1,0,0
4/28/20,Twelve,Final,,,0,0,15,54,,,9,1,1,IP,SAFC 12,3,1,1,,,,,,,210,AN,SAFC 12,YPY,G,G,G,0,0,0,0,0,0,0,0,0,0,0,0,0,0,0,0,0,0,0,0,0,0
3/21/21,Eighteen,Final,,,0,0,12,40,,,1,0,0,SP,SAFC17,5,1,1,,2.577,,,,,211,AO,SAFC 17,BGB,G,G,G,0,0,0,0,0,2,3,0,0,0,0,0,1,0,0,0,0,0,0,0,0,0
9/18/20,Twelve,Final,,,0,0,11,40,,,2,1,1,SP,SAFC 5,10,1,1,,2.941,,,,,212,AP,SAFC 5,blue,G,G,G,0,0,0,0,0,0,0,0,0,0,0,0,0,0,0,0,1,0,0,1,0,0
9/18/20,Twelve,Final,,,0,0,11,40,,,2,1,1,SP,SAFC 5,7,1,1,,2.762,,,,,213,AP,SAFC 5,OBO,G,G,G,0,0,0,0,0,0,0,0,0,0,0,0,0,0,0,0,0,0,0,0,0,0
9/18/20,Twelve,Final,,,0,0,11,40,,,2,1,1,SP,SAFC 5,,,,,,,,,,214,AP,SAFC 5,BOB,W,W,W,0,0,0,0,0,0,0,0,0,0,0,0,0,0,0,0,0,0,0,0,7,0
3/9/20,Twelve,Final,,,1,0,12,33,,,5,1,1,IP,SAFC 9,,,,,,,,,,215,AQ,SAFC 9,B (-/pnk),RG,RG,RG,1,0,0,0,0,0,0,1,0,0,0,0,0,0,0,0,0,0,0,0,7,0
3/9/20,Twelve,Final,,,1,0,12,33,,,5,1,1,IP,SAFC 9,,,,,,,,,,216,AQ,SAFC 9,Y,G,G,G,0,1,1,0.2,0.016666667,4,8,0,0,0,0,0,0,0,0,0,1,0,0,1,0,0
3/9/20,Twelve,Final,,,1,0,12,33,,,5,1,1,IP,SAFC 9,,,,,,,,,,217,AQ,SAFC 9,W,RG,RG,RG,1,0,0,0,0,0,0,3,0,0,0,0,0,1,0,0,0,2,0,2,4,0
3/9/20,Twelve,Final,,,1,0,12,33,,,5,1,1,IP,SAFC 9,3,1,1,,2.913,,,,,218,AQ,SAFC 9,O,G,G,G,0,2,5,1,0.083333333,2,2,0,0,0,0,0,1,0,0,0,0,1,0,1,0,0
3/9/20,Twelve,Final,,,1,0,12,33,,,5,1,1,IP,SAFC 9,4,1,1,,2.802,,,,,219,AQ,SAFC 9,P,G,G,G,0,0,0,0,0,1,1,1,0,0,0,0,0,0,0,0,0,0,0,0,0,0
3/9/20,Twelve,Final,,,1,0,12,33,,,5,1,1,IP,SAFC 9,,,,,,,,,,220,AQ,SAFC 9,GWG,G,G,G,0,2,6,1.2,0.1,2,4,1,0,0,0,0,0,0,0,0,0,0,0,0,0,0
3/9/20,Twelve,Final,,,1,0,12,33,,,5,1,1,IP,SAFC 9,,,,,,,,,,221,AQ,SAFC 9,OYO,G,G,G,0,1,2,0.4,0.033333333,2,11,0,0,0,0,0,0,0,0,0,0,1,0,1,0,0
4/13/20,Eighteen,Final,,,0,0,45,105,97,26,3,1,1,SP,SAFC10,6,1,1,0,2.155,,,,,222,AR,SAFC10,GYG,G,G,G,0,0,0,0,0,0,0,0,0,0,0,0,0,1,0,0,1,0,0,1,1,0
4/13/20,Eighteen,Final,,,0,0,45,105,97,26,3,1,1,SP,SAFC10,10,1,1,0,2.608,,,,,223,AR,SAFC10,OBO,G,G,G,0,0,0,0,0,0,0,0,0,0,0,0,0,1,0,0,1,1,0,2,0,0
4/13/20,Eighteen,Final,,,0,0,45,105,97,26,3,1,1,SP,SAFC10,7,1,1,0,2.539,,,,,224,AR,SAFC10,BYB,G,G,G,0,0,0,0,0,0,0,0,0,0,0,0,0,0,0,0,1,0,0,1,0,0
4/13/20,Eighteen,Final,,,0,0,45,105,97,26,3,1,1,SP,SAFC10,,,,,,,,,,225,AR,SAFC10,OWG,W,W,W,0,0,0,0,0,0,0,0,0,0,0,0,0,0,0,0,0,0,0,0,13,0
4/13/20,Eighteen,Final,,,0,0,45,105,97,26,3,1,1,SP,SAFC10,,,,1,,,,,,226,AR,SAFC10,YOG,unclear,W,W,1,0,0,0,0,0,0,0,0,0,0,0,0,0,0,0,0,5,1,6,2,0
4/13/20,Eighteen,Final,,,0,0,45,105,97,26,3,1,1,SP,SAFC10,,,,,,,,,,227,AR,SAFC10,YMB,W,W,W,0,0,0,0,0,0,0,0,0,0,0,1,0,3,0,0,0,0,0,0,7,0
4/13/20,Eighteen,Final,,,0,0,45,105,97,26,3,1,1,SP,SAFC10,,,,1,,,,,,228,AR,SAFC10,YGO,W,W,W,0,0,0,0,0,0,0,0,0,0,0,0,3,0,0,0,2,1,0,3,5,0
8/28/20,Twelve,Final,,,1,0,4,18,,,1,0,0,SP,SAFC12,7,1,1,,2.822,,,,,229,AS,SAFC12A,YGY,G,G,G,0,0,0,0,0,1,1,0,0,0,0,0,0,1,0,0,1,0,0,1,0,0
11/23/21,Eighteen,Final,,,0,1,22,28,46,13,2,1,1,SP,SAFC13,7,1,1,0,2.786,,,,,230,AT,SAFC13,BOB,G,G,G,0,7,81,40.5,1.840909091,5,6,0,1,10,0,0,0,0,0,0,0,0,0,0,0,0
11/23/21,Eighteen,Final,,,0,1,22,28,46,13,2,1,1,SP,SAFC13,7,1,1,0,2.886,,,,,231,AT,SAFC13,GBG,G,G,G,0,3,56,28,1.272727273,1,1,0,0,0,0,0,0,0,0,0,1,1,0,2,0,0
4/13/20,Eighteen,Final,1,,1,0,7,0,53,0,4,1,1,IP,SAFC13,5,0,1,0,2.59,,,,,232,AU,SAFC13A,GOG,G,G,G,0,0,0,0,0,1,1,0,0,0,0,0,0,0,0,0,0,0,1,1,0,0
4/13/20,Eighteen,Final,1,,1,0,7,0,53,0,4,1,1,IP,SAFC13,6,1,1,1,2.238,,,,,233,AU,SAFC13A,BYB,G,G,G,0,0,0,0,0,0,0,0,0,0,0,0,0,0,0,0,0,0,1,1,0,0
4/13/20,Eighteen,Final,1,,1,0,7,0,53,0,4,1,1,IP,SAFC13,6,1,1,0,2.333,,,,,234,AU,SAFC13A,YGY,G,G,G,0,0,0,0,0,0,0,0,0,0,0,0,0,0,0,0,0,0,1,1,0,0
4/13/20,Eighteen,Final,1,,1,0,7,0,53,0,4,1,1,IP,SAFC13,5,1,1,0,2.521,,,,,235,AU,SAFC13A,YBY,G,G,G,0,0,0,0,0,0,0,0,0,0,0,0,0,0,0,0,0,0,0,0,0,0
4/13/20,Eighteen,Final,1,,1,0,7,0,53,0,4,1,1,IP,SAFC13,,,,,2.451,,,,,236,AU,SAFC13A,YOY,RG,RG,RG,1,0,0,0,0,0,0,0,0,0,0,0,0,0,0,0,0,0,0,0,13,0
4/13/20,Eighteen,Final,1,,1,0,7,0,53,0,4,1,1,IP,SAFC13,1,0,0,0,2.309,,,,,237,AU,SAFC13A,OGO,W,W,W,0,0,0,0,0,1,1,1,0,0,0,0,0,1,0,0,0,0,1,1,3,0
7/28/21,Eighteen,Final,,,0,0,8,6,39,6,5,1,1,IP,SAFC17,4,1,1,0,,,,,,238,AV,SAFC17A,YOY,G,G,G,0,0,0,0,0,0,0,0,0,0,0,0,0,0,0,0,3,0,0,3,0,0
7/28/21,Eighteen,Final,,,0,0,8,6,39,6,5,1,1,IP,SAFC17,4,1,1,0,2.659,,,,,239,AV,SAFC17A,GBG,G,G,G,0,0,0,0,0,0,0,0,0,0,0,0,0,0,0,0,4,0,0,4,0,0
7/28/21,Eighteen,Final,,,0,0,8,6,39,6,5,1,1,IP,SAFC17,4,1,1,1,2.552,,,,,240,AV,SAFC17A,GOG,G,G,G,0,0,0,0,0,0,0,0,0,0,0,0,0,0,0,0,0,0,0,0,0,0
7/28/21,Eighteen,Final,,,0,0,8,6,39,6,5,1,1,IP,SAFC17,5,1,1,1,2.279,,,,,241,AV,SAFC17A,OYO,G,G,G,0,0,0,0,0,0,0,0,0,0,0,0,0,0,0,0,1,0,0,1,0,0
7/28/21,Eighteen,Final,,,0,0,8,6,39,6,5,1,1,IP,SAFC17,3,1,1,0,2.706,,,,,242,AV,SAFC17A,BOB,G,G,G,0,0,0,0,0,0,0,0,0,0,0,0,0,0,0,0,1,0,1,1,0,0
6/10/21,Eighteen,Final,1,,1,0,6,51,27,4,4,1,1,IP,SAFC20,1,1,1,1,2.528,,,,,243,AW,SAFC20,GOG,RG,RG,RG,1,0,0,0,0,0,0,0,0,0,0,0,0,0,0,0,0,1,0,1,0,0
6/10/21,Eighteen,Final,1,,1,0,6,51,27,4,4,1,1,IP,SAFC20,5,1,1,0,2.763,,,,,244,AW,SAFC20,POP,G,G,G,0,0,0,0,0,0,0,0,0,0,0,0,0,0,0,0,0,0,0,0,0,0
6/10/21,Eighteen,Final,1,,1,0,6,51,27,4,4,1,1,IP,SAFC20,3,1,1,0,3,,,,,245,AW,SAFC20,OYO,G,G,G,0,3,18,4.5,0.75,0,0,0,0,0,0,0,0,0,0,0,2,1,0,3,0,0
6/10/21,Eighteen,Final,1,,1,0,6,51,27,4,4,1,1,IP,SAFC20,1,1,1,0,2.568,,,,,246,AW,SAFC20,OPO,G,RG,RG,0,1,7,1.75,0.291666667,0,0,0,0,0,0,0,0,0,0,0,2,1,0,3,0,0
6/10/21,Eighteen,Final,1,,1,0,6,51,27,4,4,1,1,IP,SAFC20,3,1,1,0,2.683,,,,,247,AW,SAFC20,YGY,G,G,G,0,4,25,6.25,1.041666667,1,1,0,0,0,0,0,0,0,0,0,0,1,0,1,0,0
6/10/21,Eighteen,Final,1,,1,0,6,51,27,4,4,1,1,IP,SAFC20,0,1,1,1,2.415,,,,,248,AW,SAFC20,BYB,RG,RG,RG,1,0,0,0,0,1,1,0,0,0,0,0,0,0,0,0,0,4,2,5,0,0
3/21/21,Eighteen,Final,,,0,0,11,0,,,6,1,1,IP,SAFC5,,,,,,,,,,249,AX,SAFC5A,Orange,G,G,G,0,1,1,0.166666667,0.015151515,1,2,0,0,0,0,0,0,1,0,0,0,0,0,0,0,0
3/21/21,Eighteen,Final,,,0,0,11,0,,,6,1,1,IP,SAFC5,4,1,1,,2.884,,,,,250,AX,SAFC5A,Yellow,G,G,G,0,1,2,0.333333333,0.03030303,1,1,1,0,0,0,0,0,1,0,0,0,0,0,0,0,0
3/21/21,Eighteen,Final,,,0,0,11,0,,,6,1,1,IP,SAFC5,3,0,1,,2.885,,,,,251,AX,SAFC5A,WOWO,G,G,G,0,4,12,2,0.181818182,2,2,0,0,0,0,0,0,0,0,0,0,0,0,0,0,0
3/21/21,Eighteen,Final,,,0,0,11,0,,,6,1,1,IP,SAFC5,0,1,1,,2.729,,,,,252,AX,SAFC5A,OYO,G,G,G,0,5,12,2,0.181818182,3,4,0,0,0,0,0,0,0,0,0,0,0,0,0,0,0
3/21/21,Eighteen,Final,,,0,0,11,0,,,6,1,1,IP,SAFC5,4,1,1,,2.926,,,,,253,AX,SAFC5A,OGO,G,G,G,0,1,2,0.333333333,0.03030303,1,1,0,0,0,0,0,0,0,0,0,0,0,0,0,0,0
3/21/21,Eighteen,Final,,,0,0,11,0,,,6,1,1,IP,SAFC5,4,1,1,,2.597,,,,,254,AX,SAFC5A,YGY,G,G,G,0,3,3,0.5,0.045454545,3,4,1,0,0,0,0,0,0,0,0,0,0,0,0,0,0
4/28/20,Twelve,Final,,,0,0,11,49,,,1,0,0,SP,T3A2,6,1,1,,2.467,,,,,255,AY,T3A2(66),O,G,G,G,0,0,0,0,0,1,3,0,0,0,0,0,0,0,0,0,0,0,0,0,0,0