COLONY,GAMMARK,TREATMENT,LATSAMPLE_60%,Interval,DeadGams,Reverts,Newgams,TotalPupae,InitPupae,finaleggs,finallarvae,GAMSAMPLE,COLSIZESAMPLE,DSAMPLED,DISSECTOR,status,CRICKET,HEADWIDTH,HEADWIDTH2,FRESH_OOCYTE_BP,FRESH_MATED_BP,FRESH_YB_BP,FRESH_OOCYTE_CAB,FRESH_MATED_CAB,FRESH_YB_CAB,BLINDPHOTONUM,OOCYTE_PHOTO_BP,MATED_PHOTO_BP,YB_PHOTO_BP,BRAINDISS,FIXDATE,OVARY_NOTES,,SSR_Pentane_Evap,SSR_C11_dissolved_parrafin,SSR_correctconc,SSR_SAMPLED,SSR_ANALYZED,SENSILLA,BLANKAIR,HEATEDAIR,PARAFFINSOLVENT,4-Methyl-3-heptanol,geranyl acetate,2-hexen-1-al,6-methyl-5-hepten-2-one,PENTANESOLVENT,C11_pentane,C11,C23,C26,C29,C33,threshold_sensilla,volatile_time_post_stim,hc_time_post_stim,pentane_v2,C11_v2,C23_v2,C26_v2,C29_v2,C33_v2,C11_v3,NOTES,WEAK_SSR,,BLIND_BRAIN_CODE,NOTES
SAFC 9,orange,IP,13,Twelve,,1,,37,4,,,5,12,3/9/20,CAB,G,,2.913,2.9,NONE,NONE,NONE,NONE,NONE,NONE,37,3,1,1,3/9/20,3/10/20,,,0.00,0.00,1.00,1.00,1.00,A,1,123,25,212,29,212,251,123,8,,161,105,131,143,1.22885,1.1296,1.1296,123,8,161,105,131,143,8," (Bumped microscope at C29, oddly no response of C11)",0.00,,,
SAFC 9,orange,IP,13,Twelve,,1,,37,4,,,5,12,3/9/20,,G,,2.913,2.9,NONE,NONE,NONE,NONE,NONE,NONE,,,,,,,,,0.00,0.00,1.00,1.00,1.00,B,1,55,10,229,98,249,230,63,33,,-1,15,15,70,1.37303,1.1151,1.1337,63,33,-1,67,15,72,33,,0.00,,,
SAFC 9,pink,IP,13,Twelve,,1,,37,4,,,5,12,3/9/20,CAB,G,,2.802,2.8,NONE,NONE,NONE,NONE,NONE,NONE,27,4,1,1,3/9/20,3/10/20,,,0.00,0.00,1.00,1.00,1.00,A,5,161,39,265,207,288,255,40,206,,107,57,202,164,1.55883,1.122,1.1316,161,206,107,57,202,166,206,,0.00,,,
SAFC 9,pink,IP,13,Twelve,,1,,37,4,,,5,12,3/9/20,,G,,2.802,2.8,NONE,NONE,NONE,NONE,NONE,NONE,,,,,,,,,0.00,0.00,1.00,1.00,1.00,B,0,0,6,121,71,165,201,55,89,,136,-11,69,6,1.72984,1.1014,1.1764,63,103,154,-13,81,6,103, (Lost connection at one point but reestablished),0.00,,,
R4A(83)B,blue-pink-white,SP,13,Twelve,1,,1,51,11,,,2,22,3/9/20,CAB,G,,2.72,2.7,NONE,NONE,NONE,NONE,NONE,NONE,7,6,1,1,3/9/20,3/10/20,,,0.00,0.00,1.00,1.00,1.00,A,125,238,150,212,102,144,169,209,206,,211,146,253,221,1.38841,1.1137,1.1196,238,206,211,148,253,221,206,Very strong solvent response),0.00,,,
R4A(83)B,blue-pink-white,SP,13,Twelve,1,,1,51,11,,,2,22,3/9/20,,G,,2.72,2.7,NONE,NONE,NONE,NONE,NONE,NONE,,,,,,,,,0.00,0.00,1.00,1.00,1.00,B,38,68,100,162,113,163,162,106,106,,99,4,65,68,1.84963,1.1199,1.1424,106,104,107,6,67,97,104,,0.00,,,
R4A(83)B,pink-white-blue,SP,13,Twelve,1,,1,51,11,,,2,22,3/9/20,CAB,G,,2.84,2.8,NONE,NONE,NONE,NONE,NONE,NONE,35,6,1,1,3/9/20,3/10/20,,,0.00,0.00,1.00,1.00,1.00,A,130,257,231,222,245,226,220,289,267,,272,209,255,254,1.55981,1.1202,1.1202,289,267,272,209,255,254,267,,0.00,,,
R4A(83)B,pink-white-blue,SP,13,Twelve,1,,1,51,11,,,2,22,3/9/20,,G,,2.84,2.8,NONE,NONE,NONE,NONE,NONE,NONE,,,,,,,,,0.00,0.00,1.00,1.00,1.00,B,40,207,218,199,214,225,204,152,202,,222,117,226,166,1.23647,1.1299,1.1387,152,202,227,119,230,168,202,,0.00,,,
51 A/2(+)(99B),green,IP,13,Twelve,,,,47,13,,,8,12,3/10/20,CAB,G,,2.631,2.6,NONE,NONE,NONE,NONE,NONE,NONE,68,7,0,1,3/10/20,3/11/20,,,0.00,0.00,1.00,1.00,1.00,A,0,32,19,264,219,215,241,90,9,,170,53,83,93,1.5701,1.1242,1.1473,94,7,174,57,87,107,7,,0.00,,,
51 A/2(+)(99B),green,IP,13,Twelve,,,,47,13,,,8,12,3/10/20,,G,,2.631,2.6,NONE,NONE,NONE,NONE,NONE,NONE,,,,,,,,,0.00,0.00,1.00,1.00,1.00,B,0,13,-3,166,217,158,171,231,224,,207,191,162,120,1.36185,1.1236,1.1537,237,234,215,195,168,128,234,Weird volatile response but otherwise good,0.00,,,
51 A/2(+)(99B),orange-blue-orange,IP,13,Twelve,,,,47,13,,,8,12,3/10/20,CAB,G,,2.896,2.9,NONE,NONE,NONE,NONE,NONE,NONE,80,7,1,1,3/10/20,3/11/20,,,0.00,0.00,1.00,1.00,1.00,A,40,71,148,223,167,218,199,92,127,,85,116,169,69,2.7304,1.1212,1.1212,92,127,85,116,169,69,127,,0.00,,,
51 A/2(+)(99B),orange-blue-orange,IP,13,Twelve,,,,47,13,,,8,12,3/10/20,,G,,2.896,2.9,NONE,NONE,NONE,NONE,NONE,NONE,,,,,,,,,0.00,0.00,1.00,1.00,1.00,B,2,30,34,149,74,195,180,96,141,,92,131,139,131,1.39991,1.1372,1.141,102,145,94,139,141,129,145,,0.00,,,
S1B1/2(77B),blue-green-white,SP,13,Twelve,,,,81,28,,,2,23,3/10/20,CAB,G,,2.95,3.0,NONE,NONE,NONE,NONE,NONE,NONE,29,3,0,1,3/10/20,3/11/20,,,0.00,0.00,1.00,1.00,1.00,A,0,172,65,275,166,265,298,60,155,,153,150,112,98,1.1265,1.1315,1.1583,60,153,149,154,116,96,153,Had to reestablish connection at one point (note fat bodies of ovary dissection were very yellow),0.00,,,
S1B1/2(77B),blue-green-white,SP,13,Twelve,,,,81,28,,,2,23,3/10/20,,G,,2.95,3.0,NONE,NONE,NONE,NONE,NONE,NONE,,,,,,,,,0.00,0.00,1.00,1.00,1.00,B,17,118,76,176,184,182,183,60,119,,90,71,60,61,0.84746,1.1198,1.1677,60,115,91,70,68,59,115,Very weak,1.00,,,
S1B1/2(77B),green-blue-green,SP,13,Twelve,,,,81,28,,,2,23,3/10/20,CAB,G,,2.695,2.7,NONE,NONE,NONE,NONE,NONE,NONE,42,5,1,1,3/10/20,3/11/20,BRAIN lost during tissue prep,,0.00,0.00,1.00,1.00,,A,,,,,,,,,,,,,,,,,,,,,,,,,Could not get connection,0.00,,,
S1B1/2(77B),green-blue-green,SP,13,Twelve,,,,81,28,,,2,23,3/10/20,,G,,2.695,2.7,NONE,NONE,NONE,NONE,NONE,NONE,,,,,,,,,0.00,0.00,1.00,1.00,1.00,B,58,264,231,266,246,260,285,201,264,,253,200,189,192,1.59772,1.1149,1.1306,207,276,257,208,189,198,276,Brain dissection unsuccessful,0.00,,,
F21/1A,green,IP,13,Twelve,1,,,33,16,,,4,6,3/11/20,CAB,G,,2.599,2.6,NONE,NONE,NONE,NONE,NONE,NONE,8,3,1,1,3/11/20,3/12/20,previously labelled F21/1,,0.00,0.00,1.00,1.00,1.00,A,23,248,123,277,257,288,296,239,277,,191,145,182,157,1.37053,1.1245,1.1428,253,287,203,155,194,171,287,High heat,0.00,,,
F21/1A,green,IP,13,Twelve,1,,,33,16,,,4,6,3/11/20,,G,,2.599,2.6,NONE,NONE,NONE,NONE,NONE,NONE,,,,,,,previously labelled F21/1,,0.00,0.00,1.00,1.00,1.00,B,8,156,55,255,130,224,217,189,181,,60,64,166,62,1.82703,1.1434,1.1609,189,185,62,64,166,66,185,Weak hydrocarbon response,1.00,,,
F21/1A,orange-blue-orange,IP,13,Twelve,1,,,33,16,,,4,6,3/11/20,CAB,G,,2.478,2.5,NONE,NONE,NONE,NONE,NONE,NONE,78,2,0,1,3/11/20,3/12/20,labelled F12/1A on brain prep tube; previously labelled F21/1,,0.00,0.00,1.00,1.00,1.00,A,87,160,181,250,201,246,261,183,216,,199,167,174,155,2.19917,1.1201,1.1319,191,199,218,172,169,161,199,,0.00,,,
F21/1A,orange-blue-orange,IP,13,Twelve,1,,,33,16,,,4,6,3/11/20,,G,,2.478,2.5,NONE,NONE,NONE,NONE,NONE,NONE,,,,,,,previously labelled F21/1,,0.00,0.00,1.00,1.00,1.00,B,10,42,70,251,221,220,272,230,186,,182,117,173,171,1.13309,1.1288,1.1683,236,200,202,121,177,177,200,Brain missing optic lobe,0.00,,,
F21/1A,white-yellow-white,IP,13,Twelve,1,,,33,16,,,4,6,3/11/20,CAB,G,,2.488,2.5,NONE,NONE,NONE,NONE,NONE,NONE,92,4,1,1,3/11/20,3/12/20,labelled F12/1A on brain prep tube; previously labelled F21/1,,0.00,0.00,1.00,1.00,1.00,A,-3,22,7,171,214,207,196,217,251,,186,39,70,26,1.44527,1.1215,1.1592,227,261,202,39,70,24,261,"Very weak responses, butane torches was malfunctioning",1.00,,,
F21/1A,white-yellow-white,IP,13,Twelve,1,,,33,16,,,4,6,3/11/20,,G,,2.488,2.5,NONE,NONE,NONE,NONE,NONE,NONE,,,,,,,previously labelled F21/1,,0.00,0.00,1.00,1.00,1.00,B,-4,7,132,154,171,165,168,-6,-1,,-25,0,-6,2,1.54935,1.1319,1.1785,-6,-1,-17,2,-6,2,-1,"Very weak HC responses, but volatiles after worked. Butane torch was still acting weird.",1.00,,,
F48,green-pink-green,SP,13,Twelve,,,,64,22,,,1,5,3/11/20,CAB,G,,2.814,2.8,NONE,NONE,NONE,NONE,NONE,NONE,36,7,1,1,3/11/20,3/12/20,,,0.00,0.00,1.00,1.00,1.00,A,17,191,88,167,191,221,223,143,200,,204,186,129,156,1.42271,1.118,1.1389,147,208,202,192,129,152,208,,0.00,,,
F48,green-pink-green,SP,13,Twelve,,,,64,22,,,1,5,3/11/20,,G,,2.814,2.8,NONE,NONE,NONE,NONE,NONE,NONE,,,,,,,,,0.00,0.00,1.00,1.00,1.00,B,29,212,167,232,221,238,248,225,207,,158,189,223,199,1.95772,1.1245,1.1328,233,211,162,195,229,205,211,,0.00,,,
F44,blu(-/blu),IP,14,Twelve,1,,,39,1,,,7,13,4/14/20,CAB,G,,2.883,2.9,NONE,NONE,NONE,NONE,NONE,NONE,9,7,0,1,4/15/20,4/16/20,check what  date sampled by CAB,,0.00,0.00,1.00,1.00,1.00,A,184,206,219,183,147,190,209,164,145,,178,128,156,130,2.54558,1.0999,1.1366,180,150,191,137,162,126,150,,0.00,,,
F44,blu(-/blu),IP,14,Twelve,1,,,39,1,,,7,13,4/14/20,,G,,2.883,2.9,NONE,NONE,NONE,NONE,NONE,NONE,,,,,,,,,0.00,0.00,1.00,1.00,1.00,B,31,140,134,200,192,146,171,205,201,,175,205,169,173,2.42157,1.1279,1.1279,210,209,189,211,181,181,209,,0.00,,,
F44,blue-yellow-blue,IP,14,Twelve,1,,,39,1,,,7,13,4/14/20,CAB,unclear,,2.913,2.9,NONE,NONE,NONE,NONE,NONE,NONE,65,3,1,0,4/15/20,4/16/20,not sure if keep b/c scanobs says maybe unclear gamergate that is reverting,,0.00,0.00,1.00,1.00,1.00,A,46,77,174,195,188,211,221,127,62,,153,119,110,126,3.19604,1.1173,1.1259,132,65,159,123,116,132,65,,0.00,,,
F44,blue-yellow-blue,IP,14,Twelve,1,,,39,1,,,7,13,4/14/20,,unclear,,2.913,2.9,NONE,NONE,NONE,NONE,NONE,NONE,,,,,,,,,0.00,0.00,1.00,1.00,1.00,B,-1,-8,17,215,143,188,217,198,151,,198,193,243,180,2.19822,1.1316,1.363,220,151,187,195,245,182,151,,0.00,,,
F44,orange-blu(-/slv),IP,14,Twelve,1,,,39,1,,,7,13,4/14/20,CAB,G,,2.74,2.7,NONE,NONE,NONE,NONE,NONE,NONE,54,6,1,1,4/15/20,4/16/20,,,0.00,0.00,1.00,1.00,1.00,A,46,39,86,83,86,109,117,81,89,,82,94,131,40,2.10804,1.0955,1.0955,81,89,82,94,131,40,89,,0.00,,,
F44,orange-blu(-/slv),IP,14,Twelve,1,,,39,1,,,7,13,4/14/20,,G,,2.74,2.7,NONE,NONE,NONE,NONE,NONE,NONE,,,,,,,,,0.00,0.00,1.00,1.00,1.00,B,69,101,223,222,198,215,211,195,173,,157,112,128,147,2.50963,1.0942,1.1218,197,178,162,113,133,153,178,,0.00,,,
F20/1,pink,SP,14,Twelve,,,1,37,15,,,1,15,4/14/20,CAB,G,,2.878,2.9,NONE,NONE,NONE,NONE,NONE,NONE,34,5,1,1,4/15/20,4/16/20,,,0.00,0.00,1.00,1.00,1.00,A,7,-12,46,166,100,176,154,80,85,,90,33,121,173,2.50974,1.1416,1.0593,83,87,93,33,129,171,87, (missing last flagella of left antenna),0.00,,,
F20/1,pink,SP,14,Twelve,,,1,37,15,,,1,15,4/14/20,,G,,2.878,2.9,NONE,NONE,NONE,NONE,NONE,NONE,,,,,,,,,,,,,,B,,,,,,,,,,,,,,,,,,,,,,,,, (Did not finish do to antenna damage),0.00,,,
SAFC 12,green-yellow-magenta,IP,13,Twelve,,,,15,54,,,9,15,4/28/20,CAB,G,,2.937,2.9,NONE,NONE,NONE,NONE,NONE,NONE,11,6,1,1,4/29/20,4/30/20,check date of cab dissection,,0.00,1.00,1.00,1.00,1.00,A,12,132,103,335,300,259,291,307,,319,290,278,291,275,1.80077,1.1155,1.1002,309,319,292,280,296,281,,,0.00,,,
SAFC 12,green-yellow-magenta,IP,13,Twelve,,,,15,54,,,9,15,4/28/20,,G,,2.937,2.9,NONE,NONE,NONE,NONE,NONE,NONE,,,,,,,,,0.00,1.00,1.00,1.00,1.00,B,-2,84,85,167,120,158,198,114,,143,109,125,118,31,2.27534,1.1214,1.1578,116,153,113,127,120,35,,Very muted responses,0.00,,,
SAFC 12,yellow-green-yellow,IP,13,Twelve,,,,15,54,,,9,15,4/28/20,CAB,G,,2.917,2.9,NONE,NONE,NONE,NONE,NONE,NONE,93,4,1,1,4/29/20,4/30/20,check date of cab dissection,,0.00,1.00,1.00,1.00,1.00,A,54,190,254,247,269,309,255,287,,254,287,281,303,233,1.82353,1.1167,1.1302,296,261,292,294,309,234,,Strong responses to blank stimulus,0.00,,,
SAFC 12,yellow-green-yellow,IP,13,Twelve,,,,15,54,,,9,15,4/28/20,,G,,2.917,2.9,NONE,NONE,NONE,NONE,NONE,NONE,,,,,,,,,0.00,1.00,1.00,1.00,1.00,B,0,1,37,172,98,86,124,68,,87,100,88,125,172,3.62599,1.1185,1.1333,125,144,189,155,170,217,,,0.00,,,
SAFC 12,yellow-white-yellow,IP,13,Twelve,,,,15,54,,,9,15,4/28/20,CAB,G,,2.7,2.7,NONE,NONE,NONE,NONE,NONE,NONE,30,4,1,1,4/29/20,4/30/20,check date of cab dissection,,0.00,1.00,1.00,1.00,1.00,A,-1,13,68,216,216,219,244,174,,175,167,89,103,101,1.6877,1.1213,1.1431,180,183,175,84,111,105,,Good but weak HC responses,1.00,,,
SAFC 12,yellow-white-yellow,IP,13,Twelve,,,,15,54,,,9,15,4/28/20,,G,,2.7,2.7,NONE,NONE,NONE,NONE,NONE,NONE,,,,,,,,,0.00,1.00,1.00,1.00,1.00,B,2,9,33,107,50,114,124,70,,75,26,36,32,36,2.21586,1.13,1.1437,74,77,26,39,35,38,,,0.00,,,
T3A2(66),orange,SP,13,Twelve,,,,11,51,,,1,11,4/28/20,CAB,G,,2.467,2.5,NONE,NONE,NONE,NONE,NONE,NONE,99,6,1,1,4/29/20,4/30/20,check date of cab dissection,,0.00,1.00,1.00,1.00,1.00,A,30,28,86,165,117,151,168,117,,80,174,115,108,149,3.16287,1.0886,1.0886,117,80,174,115,108,149,,,0.00,,,
T3A2(66),orange,SP,13,Twelve,,,,11,51,,,1,11,4/28/20,,G,,2.467,2.5,NONE,NONE,NONE,NONE,NONE,NONE,,,,,,,,,0.00,1.00,1.00,1.00,1.00,B,-3,8,18,210,150,262,279,127,,151,116,170,109,123,2.62717,1.0997,1.1425,136,167,124,187,117,130,,,0.00,,,
F48A,BGB,IP,15,Twelve,,,,63,15,,,8,14,8/27/20,CAB,G,,2.81,2.8,NONE,NONE,NONE,NONE,NONE,NONE,53,4,0,1,8/27/20,8/28/20,,,0.00,1.00,1.00,1.00,1.00,A,28,85,131,146,130,136,234,132,,149,158,109,110,126,1.82546,1.1164,1.1508,138,154,164,114,118,126,,Seemed weak,1.00,,,
F48A,BGB,IP,15,Twelve,,,,63,15,,,8,14,8/27/20,,G,,2.81,2.8,NONE,NONE,NONE,NONE,NONE,NONE,,,,,,,,,0.00,1.00,1.00,1.00,1.00,B,53,236,193,237,226,221,258,203,,222,196,248,215,211,1.24018,1.1072,1.1352,204,230,202,248,221,217,,,0.00,,,
F48A,BGP,IP,15,Twelve,,,,63,15,,,8,14,8/27/20,CAB,G,,2.904,2.9,NONE,NONE,NONE,NONE,NONE,NONE,22,5,1,1,8/27/20,8/28/20,,,0.00,1.00,1.00,1.00,1.00,A,42,104,118,193,175,163,216,148,,187,145,154,158,138,2.66603,1.1103,1.1103,148,187,145,154,158,138,,,0.00,,,
F48A,BGP,IP,15,Twelve,,,,63,15,,,8,14,8/27/20,,G,,2.904,2.9,NONE,NONE,NONE,NONE,NONE,NONE,,,,,,,,,0.00,1.00,1.00,1.00,1.00,B,93,246,232,232,208,198,214,249,,191,250,150,161,205,1.81747,1.0974,1.1118,259,193,250,147,164,213,,,0.00,,,
F48A,GPB,IP,15,Twelve,,,,63,15,,,8,14,8/27/20,CAB,G,,2.719,2.7,NONE,NONE,NONE,NONE,NONE,NONE,89,5,1,1,8/27/20,8/28/20,damaged brain tissue,,0.00,1.00,1.00,1.00,1.00,A,105,134,245,249,269,274,268,269,,262,281,225,272,243,1.59637,1.1115,1.1161,273,266,287,229,276,245,,,0.00,,,
F48A,GPB,IP,15,Twelve,,,,63,15,,,8,14,8/27/20,,G,,2.719,2.7,NONE,NONE,NONE,NONE,NONE,NONE,,,,,,,,,0.00,1.00,1.00,1.00,,B,,,,,,,,,,,,,,,,,,,,,,,,,Left antenna was covered in wax. Decided not to use.,0.00,,,
RP5/2(1B),WYW,SP,15,Twelve,,,,32,6,,,1,4,8/27/20,CAB,G,,2.618,2.6,,,,NONE,NONE,NONE,21,6,1,1,8/27/20,8/28/20,,,0.00,1.00,1.00,1.00,1.00,A,-10,23,201,229,288,229,273,184,,208,212,140,153,127,2.00726,1.1116,1.1218,189,213,212,142,151,128,,,0.00,,,
RP5/2(1B),WYW,SP,15,Twelve,,,,32,6,,,1,4,8/27/20,,G,,2.618,2.6,,,,NONE,NONE,NONE,,,,,,,,,0.00,1.00,1.00,1.00,,B,,,,,,,,,,,,,,,,,,,,,,,,,I broke the left antenna and so only did one recording.,0.00,,,
R15A(118E),white,IP,16,Twelve,1,,,18,1,,,5,8,8/29/20,CAB,G,,2.86,2.9,,,,NONE,NONE,NONE,38,5,1,1,8/29/20,8/30/20,weird brain upon dissection,,0.00,1.00,1.00,1.00,1.00,A,-2,113,149,121,208,146,142,243,,238,243,179,192,251,1.84808,1.1,1.1209,249,240,248,187,200,254,,Responses seem weird. Brain was weird.,1.00,,,
R15A(118E),white,IP,16,Twelve,1,,,18,1,,,5,8,8/29/20,,G,,2.86,2.9,,,,NONE,NONE,NONE,,,,,,,,,0.00,1.00,1.00,1.00,1.00,B,107,198,132,164,236,148,194,166,,175,176,106,163,141,2.27207,1.1052,1.1175,169,174,178,110,165,145,,,0.00,,,
R15A(118E),yellow,IP,16,Twelve,1,,,18,1,,,5,8,8/29/20,CAB,G,,2.855,2.9,,,,NONE,NONE,NONE,52,3,1,1,8/29/20,8/30/20,,,0.00,1.00,1.00,1.00,1.00,A,42,145,137,190,159,154,213,159,,160,134,141,132,112,3.24271,1.1075,1.1289,163,164,139,142,135,111,,"Lots of spontaneous low, amplitude activity",0.00,,,
R15A(118E),yellow,IP,16,Twelve,1,,,18,1,,,5,8,8/29/20,,G,,2.855,2.9,,,,NONE,NONE,NONE,,,,,,,,,0.00,1.00,1.00,1.00,1.00,B,58,146,198,288,282,243,316,217,,230,293,226,209,219,2.33202,1.1242,1.255,217,227,295,226,207,221,,,0.00,,,
R15A(118E),yellow-orange,IP,16,Twelve,1,,,18,1,,,5,8,8/29/20,CAB,G,,2.693,2.7,,,,NONE,NONE,NONE,95,6,1,1,8/29/20,8/30/20,,,0.00,1.00,1.00,1.00,1.00,A,50,70,178,180,188,220,210,185,,170,143,164,159,150,2.08455,1.1197,1.1197,185,170,143,164,159,150,,,0.00,,,
R15A(118E),yellow-orange,IP,16,Twelve,1,,,18,1,,,5,8,8/29/20,,G,,2.693,2.7,,,,NONE,NONE,NONE,,,,,,,,,0.00,1.00,1.00,1.00,1.00,B,1,133,115,216,176,116,214,138,,171,174,171,144,179,2.09498,1.1253,1.1259,138,171,174,171,144,179,,,0.00,,,
SAFC12A,YGY,SP,16,Twelve,1,1,,20,2,,,1,4,8/29/20,CAB,G,,2.822,2.8,,,,NONE,NONE,NONE,15,7,1,1,8/29/20,8/30/20,,,0.00,1.00,1.00,1.00,1.00,A,0,288,280,108,288,287,283,213,,239,273,256,235,249,1.67666,1.1309,1.142,260,282,218,243,285,247,,,0.00,,,
SAFC12A,YGY,SP,16,Twelve,1,1,,20,2,,,1,4,8/29/20,,G,,2.822,2.8,,,,NONE,NONE,NONE,,,,,,,,,0.00,1.00,1.00,1.00,1.00,B,3,47,212,277,232,279,280,197,,191,154,178,192,142,1.94187,1.127,1.1321,196,192,153,178,192,143,,,0.00,,,
R017A/2(16),BWB,IP,16,Twelve,,,,19,4,,,10,16,9/13/20,CAB,G,,2.761,2.8,,,,NONE,NONE,NONE,75,7,1,1,9/13/20,9/14/20,,,0.00,1.00,1.00,1.00,1.00,A,1,11,26,185,138,176,185,80,,93,44,114,58,137,1.97448,1.1432,1.1432,80,93,44,114,58,137,,Bumped table and might have disrupted connection for C29 and C23.,0.00,,,
R017A/2(16),BWB,IP,16,Twelve,,,,19,4,,,10,16,9/13/20,,G,,2.761,2.8,,,,NONE,NONE,NONE,,,,,,,,,0.00,1.00,1.00,1.00,1.00,B,17,67,62,179,164,208,194,163,,203,173,160,179,169,1.89031,1.1378,1.1422,165,207,174,164,180,170,,Odd recording,0.00,,,
R017A/2(16),GBG,IP,16,Twelve,,,,19,4,,,10,16,9/13/20,CAB,G,,2.762,2.8,,,,NONE,NONE,NONE,76,4,1,1,9/13/20,9/14/20,,,0.00,1.00,1.00,1.00,1.00,A,-8,6,170,235,206,211,238,157,,227,218,223,203,181,1.83344,1.1264,1.1264,157,227,218,223,203,181,,,0.00,,,
R017A/2(16),GBG,IP,16,Twelve,,,,19,4,,,10,16,9/13/20,,G,,2.762,2.8,,,,NONE,NONE,NONE,,,,,,,,,0.00,1.00,1.00,1.00,1.00,B,3,15,114,205,193,216,201,184,,191,150,145,126,145,2.10176,1.1106,1.1106,184,191,150,145,126,145,,Some weird buzzing noise,0.00,,,
R017A/2(16),YBY,IP,16,Twelve,,,,19,4,,,10,16,9/13/20,CAB,G,,2.738,2.7,,,,NONE,NONE,NONE,25,4,1,1,9/13/20,9/14/20,no brain dissected,,0.00,1.00,1.00,1.00,,A,,,,,,,,,,,,,,,,,,,,,,,,,No data. No notes on why this animal wasn't recorded.,0.00,,,
R017A/2(16),YBY,IP,16,Twelve,,,,19,4,,,10,16,9/13/20,,G,,2.738,2.7,,,,NONE,NONE,NONE,,,,,,,,,0.00,1.00,1.00,1.00,,B,,,,,,,,,,,,,,,,,,,,,,,,,No data. No notes on why this animal wasn't recorded.,0.00,,,
RL8.6B1(112B),YO,SP,16,Twelve,,,,58,7,,,1,5,9/13/20,CAB,G,,2.848,2.8,,,,NONE,NONE,NONE,67,11,0,1,9/13/20,9/14/20,,,0.00,1.00,1.00,1.00,1.00,A,5,1,3,277,176,305,229,43,,74,4,-12,67,13,1.29693,1.1461,1.2002,11,46,-1,-1,39,1,,"Hydrocarbons were first and some had little to no response, but volatiles were later and had strong responses so everything seems fine. Odd recording.",1.00,,,
RL8.6B1(112B),YO,SP,16,Twelve,,,,58,7,,,1,5,9/13/20,,G,,2.848,2.8,,,,NONE,NONE,NONE,,,,,,,,,0.00,1.00,1.00,1.00,,B,,,,,,,,,,,,,,,,,,,,,,,,,Specimen had broken free and damaged antennae. Did not record.,1.00,,,
R1G/2 (18B),BGB,IP,17,Twelve,,,,94,41,,,7,11,9/19/20,CAB,G,,2.736,2.7,,,,NONE,NONE,NONE,90,5,1,1,9/19/20,9/20/20,,,0.00,1.00,1.00,1.00,1.00,A,0,45,79,199,136,180,186,113,,147,124,104,120,112,1.97871,1.1474,1.1516,113,151,121,109,121,112,,,0.00,,,
R1G/2 (18B),BGB,IP,17,Twelve,,,,94,41,,,7,11,9/19/20,,G,,2.736,2.7,,,,NONE,NONE,NONE,,,,,,,,,0.00,1.00,1.00,1.00,1.00,B,-1,2,48,182,127,154,162,81,,202,70,68,84,65,1.97784,1.1596,1.1596,81,202,70,68,84,65,,Good recording,0.00,,,
R1G/2 (18B),BYG,IP,17,Twelve,,,,94,41,,,7,11,9/19/20,CAB,G,,2.98,3.0,,,,NONE,NONE,NONE,59,6,1,1,9/19/20,9/20/20,,,0.00,1.00,1.00,1.00,1.00,A,5,3,44,220,170,109,186,63,,178,162,74,93,163,1.86854,1.1545,1.1601,66,180,164,80,95,164,,,0.00,,,
R1G/2 (18B),BYG,IP,17,Twelve,,,,94,41,,,7,11,9/19/20,,G,,2.98,3.0,,,,NONE,NONE,NONE,,,,,,,,,0.00,1.00,1.00,1.00,1.00,B,0,0,5,188,127,192,159,71,,79,147,42,104,24,2.13666,1.1627,1.1627,81,62,6,48,46,58,,"C11, C26, and C33 seem attenuated",0.00,,,
SAFC 5,blue,SP,17,Twelve,,,,77,37,,,2,11,9/19/20,CAB,G,,2.941,2.9,,,,NONE,NONE,NONE,71,10,1,1,9/19/20,9/20/20,,,0.00,1.00,1.00,1.00,1.00,A,50,35,193,162,243,194,246,106,,214,128,120,176,154,1.60315,1.1522,1.1616,107,210,128,122,176,158,,,0.00,,,
SAFC 5,blue,SP,17,Twelve,,,,77,37,,,2,11,9/19/20,,G,,2.941,2.9,,,,NONE,NONE,NONE,,,,,,,,,0.00,1.00,1.00,1.00,1.00,B,18,11,22,241,118,191,244,81,,62,6,48,46,58,1.67653,1.1614,1.1704,41,34,-6,24,0,0,,Seems weak for both HCs and volatiles,1.00,,,
SAFC 5,OBO,SP,17,Twelve,,,,77,37,,,2,11,9/19/20,CAB,G,,2.762,2.8,,,,NONE,NONE,NONE,66,7,1,1,9/19/20,9/20/20,,,0.00,1.00,1.00,1.00,1.00,A,18,-10,106,108,128,114,39,138,,140,148,96,166,99,4.1042,1.126,1.126,138,140,148,96,166,99,,Lots of spontaneous activity,0.00,,,
SAFC 5,OBO,SP,17,Twelve,,,,77,37,,,2,11,9/19/20,,G,,2.762,2.8,,,,NONE,NONE,NONE,,,,,,,,,0.00,1.00,1.00,1.00,1.00,B,113,104,197,130,110,119,126,165,,108,145,110,205,117,3.09875,1.1386,1.1403,169,110,145,112,207,115,,"Strangely high response to stimulus controls, lots of spontaneous activity",0.00,,,
F97/1,BOB,IP,16,Twelve,,,,75,6,,,8,13,10/3/20,CAB,G,,2.95,3.0,,,,NONE,NONE,NONE,14,3,1,1,10/3/20,10/4/20,,,0.00,1.00,1.00,1.00,1.00,A,184,30,219,293,258,291,225,278,,276,301,254,284,286,2.00329,1.1289,1.139,284,284,305,261,293,292,,,0.00,,,
F97/1,BOB,IP,16,Twelve,,,,75,6,,,8,13,10/3/20,,G,,2.95,3.0,,,,NONE,NONE,NONE,,,,,,,,,0.00,1.00,1.00,1.00,1.00,B,91,-24,122,215,172,238,255,179,,180,233,176,149,215,2.74158,1.1103,1.1283,185,186,241,180,147,219,,,0.00,,,
F97/1,PWO,IP,16,Twelve,,,,75,6,,,8,13,10/3/20,CAB,G,,2.795,2.8,,,,NONE,NONE,NONE,20,5,1,1,10/3/20,10/4/20,,,0.00,1.00,1.00,1.00,1.00,A,0,41,206,238,267,228,186,155,,264,248,144,258,98,1.6116,1.1287,1.1287,155,264,248,144,258,98,,,0.00,,,
F97/1,PWO,IP,16,Twelve,,,,75,6,,,8,13,10/3/20,,G,,2.795,2.8,,,,NONE,NONE,NONE,,,,,,,,,0.00,1.00,1.00,1.00,1.00,B,-1,-3,187,254,211,242,301,58,,229,156,72,186,11,1.42398,1.1178,1.1396,63,236,163,82,200,15,,C33 seams weak,1.00,,,
R1Q(2),GOG,SP,16,Twelve,,,,89,24,,,2,20,10/3/20,CAB,G,,2.781,2.8,,,,NONE,NONE,NONE,13,9,1,1,10/3/20,10/4/20,lost brain during tissue prep,,0.00,1.00,1.00,1.00,1.00,A,32,54,140,215,205,204,203,192,,192,203,125,205,168,2.31106,1.1398,1.1398,192,192,203,125,205,168,,,0.00,,,
R1Q(2),GOG,SP,16,Twelve,,,,89,24,,,2,20,10/3/20,,G,,2.781,2.8,,,,NONE,NONE,NONE,,,,,,,,,0.00,1.00,1.00,1.00,1.00,B,28,52,154,237,207,197,225,212,,193,159,100,197,180,1.8288,1.1327,1.1595,222,211,170,100,200,188,,"Lost head, no brain.",0.00,,,
R1Q(2),GWG,SP,16,Twelve,,,,89,24,,,2,20,10/3/20,CAB,G,,2.672,2.7,,,,NONE,NONE,NONE,47,5,1,1,10/3/20,10/4/20,,,0.00,1.00,1.00,1.00,1.00,A,8,99,150,206,145,169,209,159,,211,276,229,189,211,2.71159,1.1334,1.1458,167,214,280,235,193,209,,,0.00,,,
R1Q(2),GWG,SP,16,Twelve,,,,89,24,,,2,20,10/3/20,,G,,2.672,2.7,,,,NONE,NONE,NONE,,,,,,,,,0.00,1.00,1.00,1.00,1.00,B,28,13,133,206,166,198,221,176,,283,204,237,229,178,2.61508,1.14,1.14,176,283,204,237,229,178,,,0.00,,,
RGB(109B),MGO(-/BLU),IP,16,Twelve,,,,14,5,,,5,8,11/1/20,CAB,G,,2.825,2.8,NONE,NONE,NONE,7,1,1,49,4,1,1,11/1/20,11/2/20,may have raw measurements by CAB,,0.00,1.00,1.00,1.00,1.00,A,76,132,230,217,219,229,247,270,,258,206,264,269,221,1.64377,1.1212,1.1029,266,250,204,256,263,217,,,0.00,,,
RGB(109B),MGO(-/BLU),IP,16,Twelve,,,,14,5,,,5,8,11/1/20,,G,,2.825,2.8,NONE,NONE,NONE,,,,,,,,,,,,0.00,1.00,1.00,1.00,1.00,B,1,58,80,103,61,160,184,59,,196,165,70,29,94,1.52184,1.1377,1.1437,59,196,165,70,29,94,,Weak HC responses,1.00,,,
RGB(109B),YPY,IP,16,Twelve,,,,14,5,,,5,8,11/1/20,CAB,G,,2.863,2.9,NONE,NONE,NONE,6,0,1,24,6,0,1,11/1/20,11/2/20,"lost brain during tissue prep, but have tube; may have raw measurements by CAB",,0.00,1.00,1.00,1.00,1.00,A,-1,116,47,162,161,204,222,169,,89,159,63,116,8,1.74161,1.1381,1.1381,169,89,159,63,116,8,,Got weak near the end,1.00,,,
RGB(109B),YPY,IP,16,Twelve,,,,14,5,,,5,8,11/1/20,,G,,2.863,2.9,NONE,NONE,NONE,,,,,,,,,,,,0.00,1.00,1.00,1.00,1.00,B,76,35,232,191,182,202,222,179,,170,149,162,165,147,2.57691,1.005,1.1024,181,169,151,164,165,149,,Strong blank response,0.00,,,
R17(24B),Blue,SP,16,Twelve,,,,20,1,,,2,10,11/1/20,CAB,G,,2.483,2.5,NONE,NONE,NONE,3,1,1,62,3,1,1,11/1/20,11/2/20,may have raw measurements by CAB,,0.00,1.00,1.00,1.00,1.00,A,120,136,200,170,288,244,199,132,,234,182,199,155,252,1.88087,1.1185,1.1185,132,234,182,199,155,252,,,0.00,,,
R17(24B),Blue,SP,16,Twelve,,,,20,1,,,2,10,11/1/20,,G,,2.483,2.5,NONE,NONE,NONE,,,,,,,,,,,,0.00,1.00,1.00,1.00,1.00,B,26,51,246,279,218,297,241,241,,251,236,254,266,182,1.50398,1.1182,1.1339,247,257,246,256,272,186,,,0.00,,,
R17(24B),Yellow,SP,16,Twelve,,,,20,1,,,2,10,11/1/20,CAB,G,,2.821,2.8,NONE,NONE,NONE,8,1,1,4,6,1,1,11/1/20,11/2/20,may have raw measurements by CAB,,0.00,1.00,1.00,1.00,1.00,A,0,156,164,140,128,21,118,180,,18,156,183,178,184,1.6304,1.1319,1.1319,180,18,156,183,178,184,,,0.00,,,
R17(24B),Yellow,SP,16,Twelve,,,,20,1,,,2,10,11/1/20,,G,,2.821,2.8,NONE,NONE,NONE,,,,,,,,,,,,0.00,1.00,1.00,1.00,1.00,B,60,69,222,264,250,268,209,223,,215,165,200,141,189,1.52458,1.117,1.1294,224,217,170,202,144,190,,,0.00,,,
SAFC17,BGB,SP,56,Eighteen,1,,,48,7,,,1,11,4-May,BP,G,,2.577,2.6,5,1,1,5,1,1,7A,5,1,1,5/4/21,5/5/21,,,1.00,1.00,1.00,1.00,1.00,A,4,13,40,111,67,112,141,3,,27,55,48,37,4,1.41776,1.1247,1.2455,3,29,71,56,47,6,,Very weak hydrocarbon responses,1.00,,5/4/21,
SAFC17,BGB,SP,56,Eighteen,1,,,48,7,,,1,11,4-May,,G,,2.577,2.6,,,,,,,,,,,,,,,1.00,1.00,1.00,1.00,1.00,B,1,4,155,78,21,71,150,155,,64,6,29,28,4,0.79881,1.1246,1.2165,6,74,38,6,81,31,,,0.00,,,
SAFC5A,OGO,IP,56,Eighteen,1,,,21,21,,,5,10,5-May,BP,G,,2.926,2.9,5,1,1,5,1,1,4A,4,1,1,5/5/21,5/6/21,,,1.00,1.00,1.00,1.00,1.00,A,4,20,72,186,158,216,243,56,,140,185,138,102,127,1.33087,1.1219,1.2044,62,164,217,148,120,157,,,0.00,,5/5/21,
SAFC5A,OGO,IP,56,Eighteen,1,,,21,21,,,5,10,5-May,,G,,2.926,2.9,,,,,,,,,,,,,,,1.00,1.00,1.00,1.00,1.00,B,-1,3,122,238,194,236,229,10,,97,122,119,16,123,1.01704,1.1232,1.2618,20,127,160,141,10,163,,Weak C29 response,1.00,,,
SAFC5A,WOWO,IP,56,Eighteen,1,,,21,21,,,5,10,5-May,BP,G,,2.885,2.9,4,0,1,4,0,1,29A,3,0,1,5/5/21,5/6/21,,,1.00,1.00,1.00,1.00,1.00,A,60,182,226,309,253,309,291,222,,249,268,193,221,218,1.21676,1.1117,1.1446,240,265,284,211,241,238,,,0.00,,5/5/21,
SAFC5A,WOWO,IP,56,Eighteen,1,,,21,21,,,5,10,5-May,,G,,2.885,2.9,,,,,,,,,,,,,,,1.00,1.00,1.00,1.00,1.00,B,51,89,148,237,220,236,202,55,,110,187,118,153,135,1.14833,1.1119,1.1557,61,114,205,130,163,141,,,0.00,,,
SAFC5A,Yellow,IP,56,Eighteen,1,,,21,21,,,5,10,5-May,BP,G,,2.884,2.9,4,1,1,3,1,1,65A,4,1,1,5/5/21,5/6/21,,,1.00,1.00,1.00,1.00,1.00,A,15,69,90,233,153,225,251,18,,94,166,135,114,76,0.95699,1.1246,1.2294,20,112,204,169,140,88,,,0.00,,5/5/21,
SAFC5A,Yellow,IP,56,Eighteen,1,,,21,21,,,5,10,5-May,,G,,2.884,2.9,,,,,,,,,,,,,,,1.00,1.00,1.00,1.00,1.00,B,0,4,76,142,74,138,233,47,,51,60,39,59,56,1.10636,1.1117,1.1117,47,51,60,39,59,56,,"Had to redajust at C29, weakened responses",1.00,,,
RGB(109),GOG,SP,56,Eighteen,,1,,57,2,12,37,2,24,3-Jun,BP,G,,2.57,2.6,7,1,1,7,1,1,17A,7,1,1,6/3/21,6/4/21,,,1.00,1.00,1.00,1.00,1.00,A,3,37,85,127,64,122,113,18,,18,61,14,14,3,2.28449,1.1256,1.1397,20,16,59,14,16,5,,High background activity,0.00,,,
RGB(109),GOG,SP,56,Eighteen,,1,,57,2,12,37,2,24,3-Jun,,G,,2.57,2.6,,,,,,,,,,,,,,,1.00,1.00,1.00,1.00,1.00,B,4,47,82,83,87,108,106,8,,16,85,68,69,87,1.82924,1.1258,1.152,8,16,89,78,75,91,,Still high basal activity,0.00,,,
RGB(109),YGY,SP,56,Eighteen,,1,,57,2,12,37,2,24,3-Jun,BP,G,,2.489,2.5,4,1,1,4,0,1,40A,4,0,1,6/3/21,6/4/21,"probably 5 YO, but 1 seems to have been destroyed in dissection--spermatheca lost before picture taken and CAB observed blindly",,1.00,1.00,1.00,1.00,1.00,A,-1,-1,4,172,27,73,177,-2,,5,77,12,39,13,1.07286,1.145,1.317,0,7,107,20,57,13,,"Overall good, weak HC responses",1.00,,,
RGB(109),YGY,SP,56,Eighteen,,1,,57,2,12,37,2,24,3-Jun,,G,,2.489,2.5,,,,,,,,,,,,,,,1.00,1.00,1.00,1.00,1.00,B,-4,1,6,170,46,192,139,8,,6,94,-4,57,9,1.12077,1.1356,1.3064,6,4,150,-2,101,1,,"Overall good, but weak HC responses",1.00,,,
F32,OBO,IP,56,Eighteen,,,,118,46,9,70,8,11,4-Jun,BP,G,,2.739,2.7,6,1,1,4,1,1,28A,5,1,1,6/4/21,6/5/21,photo: 5th Yo counted as can distinguish it ontop of another YO,,1.00,1.00,1.00,1.00,1.00,A,-2,40,70,159,119,176,174,42,,69,112,30,53,123,1.37404,1.1176,1.1349,40,73,118,32,51,123,,,0.00,,,
F32,OBO,IP,56,Eighteen,,,,118,46,9,70,8,11,4-Jun,,G,,2.739,2.7,,,,,,,,,,,,,,,1.00,1.00,1.00,1.00,1.00,B,3,1,19,54,67,149,158,6,,32,46,83,63,27,1.36028,1.1258,1.2495,2,32,68,83,75,35,,"Cut out in the middle, had to reestablish connection",1.00,,,
F32,OGO,IP,56,Eighteen,,,,118,46,9,70,8,11,4-Jun,BP,G,,2.448,2.4,6,1,1,6,1,1,15A,6,1,1,6/4/21,6/5/21,,,1.00,1.00,1.00,1.00,1.00,A,6,19,38,97,42,105,141,6,,29,73,54,26,31,2.83256,1.1258,1.1258,6,29,73,54,26,31,,High basal activity,0.00,,,
F32,OGO,IP,56,Eighteen,,,,118,46,9,70,8,11,4-Jun,,G,,2.448,2.4,,,,,,,,,,,,,,,1.00,1.00,1.00,1.00,1.00,B,59,60,20,153,81,179,212,34,,28,124,93,50,90,1.74865,1.1255,1.23,38,42,138,105,62,92,,Looks good!,0.00,,,
F32,OPO,IP,56,Eighteen,,,,118,46,9,70,8,11,4-Jun,BP,G,,2.828,2.8,4,0,1,4,0,1,35A,4,0,1,6/4/21,6/5/21,"spermatheca seen, but seems to be empty",,1.00,1.00,1.00,1.00,1.00,A,5,21,-2,41,55,34,68,5,,44,42,52,37,11,2.40943,1.118,1.1435,3,44,42,52,35,11,,Very high spontaneous activity,0.00,,,
F32,OPO,IP,56,Eighteen,,,,118,46,9,70,8,11,4-Jun,,G,,2.828,2.8,,,,,,,,,,,,,,,1.00,1.00,1.00,1.00,1.00,B,51,58,146,138,73,124,196,82,,76,144,145,127,95,1.38723,1.1267,1.1944,88,84,162,157,149,101,,,0.00,,,
R5(117C),BYB,IP,56,Eighteen,,1,,42,21,3,101,9,16,7/20/21,BP,G,0.00,2.544,2.5,6,1,1,6,0,1,20A,5,1,1,7/20/21,7/21/21,lost spermatheca after taking picture,,1.00,1.00,1.00,1.00,1.00,A,19,108,169,212,154,204,234,100,,126,142,144,132,173,1.14559,1.1122,1.1855,108,124,168,168,142,191,,Good,0.00,,,
R5(117C),BYB,IP,56,Eighteen,,1,,42,21,3,101,9,16,7/20/21,,G,0.00,2.544,2.5,,,,,,,,,,,,,,,1.00,1.00,1.00,1.00,1.00,B,58,145,165,255,179,225,243,137,,108,140,168,181,167,0.80242,1.1163,1.136,141,110,140,174,189,175,,Weaker than the A,0.00,,,
R5(117C),PYP,IP,56,Eighteen,,1,,42,21,3,101,9,16,7/20/21,BP,G,0.00,2.694,2.7,6,1,1,6,1,1,46A,5,1,1,7/20/21,7/21/21,,,1.00,1.00,1.00,1.00,1.00,A,5,34,78,94,116,119,143,37,,102,106,98,55,65,1.00943,1.1289,1.1887,45,108,114,110,61,75,,Got weaker as it went on,1.00,,,
R5(117C),PYP,IP,56,Eighteen,,1,,42,21,3,101,9,16,7/20/21,,G,0.00,2.694,2.7,,,,,,,,,,,,,,,1.00,1.00,1.00,1.00,1.00,B,-2,115,101,182,157,123,135,72,,157,101,129,152,93,1.74097,1.131,1.1579,76,165,103,131,156,93,,,0.00,,,
R5(117C),GBG,IP,56,Eighteen,,1,,42,21,3,101,9,16,7/20/21,BP,G,0.00,2.589,2.6,4,1,1,4,1,1,22A,4,1,1,7/20/21,7/21/21,,,1.00,1.00,1.00,1.00,1.00,A,10,106,191,254,195,255,246,116,,154,193,169,165,179,1.68902,1.1197,1.1761,130,168,209,199,189,203,,Good!,0.00,,,
R5(117C),GBG,IP,56,Eighteen,,1,,42,21,3,101,9,16,7/20/21,,G,0.00,2.589,2.6,,,,,,,,,,,,,,,1.00,1.00,1.00,1.00,1.00,B,-3,61,126,249,150,217,256,113,,163,166,180,187,176,1.13885,1.1207,1.1834,119,175,190,206,217,198,,Pretty good,0.00,,,
F111,WBW,SP,56,Eighteen,,,,116,16,11,23,2,18,7/21/21,BP,G,0.00,2.708,2.7,6,1,1,6,1,1,71A,6,1,1,7/21/21,7/22/21,,,1.00,1.00,1.00,1.00,1.00,A,35,136,172,219,201,216,207,161,,176,173,197,232,192,1.42669,1.116,1.1397,169,180,181,203,238,200,,High responsiveness to stimuli,0.00,,,
F111,WBW,SP,56,Eighteen,,,,116,16,11,23,2,18,7/21/21,,G,0.00,2.708,2.7,,,,,,,,,,,,,,,1.00,1.00,1.00,1.00,1.00,B,73,145,159,206,126,202,211,117,,126,152,175,154,153,1.69957,1.114,1.114,117,126,152,175,154,153,,High responsiveness,0.00,,,
F111,POP,SP,56,Eighteen,,,,116,16,11,23,2,18,7/21/21,BP,G,0.00,2.79,2.8,7,1,1,6,1,1,72A,7,1,1,7/21/21,7/22/21,7th large YO is discernible even though smaller Yos are on top,,1.00,1.00,1.00,1.00,1.00,A,40,51,187,275,221,273,271,115,,240,229,126,218,224,1.31116,1.1172,1.1257,115,246,233,130,218,228,,Good!,0.00,,,
F111,POP,SP,56,Eighteen,,,,116,16,11,23,2,18,7/21/21,,G,0.00,2.79,2.8,,,,,,,,,,,,,,,1.00,1.00,1.00,1.00,1.00,B,-2,34,142,261,124,224,247,79,,187,189,196,229,189,0.9306,1.1197,1.131,81,195,187,198,229,195,,Seems good,0.00,,,
SAFC20,POP,IP,56,Eighteen,1,1,,63,6,4,27,3,6,7/22/21,BP,RG,0.00,2.76,2.8,4,1,1,5,1,1,2A,5,1,1,7/22/21,7/23/21,photo: counting 1 YO that is partially obscured but seems ovoid and opaque beneath others,,1.00,1.00,1.00,1.00,1.00,A,155,104,221,246,221,245,259,195,,255,208,237,246,214,1.18752,1.116,1.1335,207,261,220,245,256,220,,Very high responses,0.00,,,
SAFC20,POP,IP,56,Eighteen,1,1,,63,6,4,27,3,6,7/22/21,,RG,0.00,2.76,2.8,,,,,,,,,,,,,,,1.00,1.00,1.00,1.00,1.00,B,152,209,226,270,240,283,283,184,,199,218,195,225,229,1.21412,1.1165,1.1726,208,223,246,229,245,251,,"Great signal:noise, but high responses",0.00,,,
SAFC20,OYO,IP,56,Eighteen,1,1,,63,6,4,27,3,6,7/22/21,BP,G,0.00,3,3.0,4,1,1,4,1,1,5A,3,1,1,7/22/21,7/23/21,,,1.00,1.00,1.00,1.00,1.00,A,7,182,145,254,208,263,246,222,,96,216,230,242,210,0.81342,1.201,1.201,222,96,216,230,242,210,,High blank and pentane,0.00,,,
SAFC20,OYO,IP,56,Eighteen,1,1,,63,6,4,27,3,6,7/22/21,,G,0.00,3,3.0,,,,,,,,,,,,,,,1.00,1.00,1.00,1.00,1.00,B,6,20,97,198,153,193,198,128,,75,185,173,190,178,1.00596,1.1328,1.2187,144,83,225,197,222,208,,Weak C11,1.00,,,
SAFC20,YGY,IP,56,Eighteen,1,1,,63,6,4,27,3,6,7/22/21,BP,G,0.00,2.683,2.7,4,1,1,3,1,1,36A,3,1,1,7/22/21,7/23/21,,,1.00,1.00,1.00,1.00,1.00,A,-8,-3,37,155,116,152,173,3,,75,86,114,55,104,0.77089,1.1258,1.1923,1,77,92,120,65,120,,,0.00,,,
SAFC20,YGY,IP,56,Eighteen,1,1,,63,6,4,27,3,6,7/22/21,,G,0.00,2.683,2.7,,,,,,,,,,,,,,,1.00,1.00,1.00,1.00,1.00,B,9,16,82,163,83,156,150,31,,38,137,75,111,122,0.76901,1.1393,1.2245,35,40,159,75,117,134,,Responses seem weak,1.00,,,
R3BA(3),WOW,IP,45,Eighteen,1,1,1,59,31,0,38,5,13,8/22/21,BP,G,0.00,2.701,2.7,3,1,1,,,,10B,3,1,1,8/22/21,8/23/21,photo: 3rd yolky oocyte is blurry and a judgment call,,1.00,1.00,1.00,1.00,1.00,A,26,47,72,121,72,147,135,88,,101,58,77,104,94,0.8679,1.1076,1.1091,88,101,58,77,104,94,,,0.00,,,
R3BA(3),WOW,IP,45,Eighteen,1,1,1,59,31,0,38,5,13,8/22/21,,G,0.00,2.701,2.7,,,,,,,,,,,,,,,1.00,1.00,1.00,1.00,1.00,B,24,21,72,164,109,164,193,82,,76,63,86,128,150,0.97376,1.1284,1.1536,82,82,63,86,128,156,,,0.00,,,
R3BA(3),WGW,IP,45,Eighteen,1,1,1,59,31,0,38,5,13,8/22/21,BP,G,0.00,2.94,2.9,3,1,1,,,,1B,4,1,1,8/22/21,8/23/21,,,1.00,1.00,1.00,1.00,1.00,A,14,0,4,128,125,187,207,-5,,77,175,112,102,123,0.906,1.1409,1.184,-3,87,189,124,114,135,,"Great recording, publication quality! Did do after 7PM",0.00,,,
R3BA(3),WGW,IP,45,Eighteen,1,1,1,59,31,0,38,5,13,8/22/21,,G,0.00,2.94,2.9,,,,,,,,,,,,,,,1.00,1.00,1.00,1.00,1.00,B,-1,55,131,207,139,245,188,8,,53,50,112,56,133,0.82641,1.1371,1.1881,10,51,56,118,60,147,,Weaker response than A,0.00,,,
R3BA(3),GOG,IP,45,Eighteen,1,1,1,59,31,0,38,5,13,8/22/21,BP,G,0.00,2.829,2.8,4,1,1,,,,31B,4,1,1,8/22/21,8/23/21,,,1.00,1.00,1.00,1.00,1.00,A,42,29,67,185,105,221,196,86,,39,110,122,89,123,1.16197,1.1232,1.1232,86,39,110,122,89,123,,Low basal activity,0.00,,,
R3BA(3),GOG,IP,45,Eighteen,1,1,1,59,31,0,38,5,13,8/22/21,,G,0.00,2.829,2.8,,,,,,,,,,,,,,,1.00,1.00,1.00,1.00,1.00,B,75,43,154,239,216,242,235,122,,172,216,80,187,167,0.79274,1.1306,1.1396,122,174,222,84,191,171,,,0.00,,,
F100A,OWO,SP,46,Eighteen,,,,87,13,6,17,1,8,8/23/21,BP,G,0.00,2.592,2.6,6,1,1,,,,11B,6,1,1,8/23/21,8/24/21,,,1.00,1.00,1.00,1.00,1.00,A,50,53,181,215,171,211,178,78,,144,210,252,150,214,1.2351,1.1125,1.0748,68,140,198,242,144,198,,Pretty good!,0.00,,,
F100A,OWO,SP,46,Eighteen,,,,87,13,6,17,1,8,8/23/21,,G,0.00,2.592,2.6,,,,,,,,,,,,,,,1.00,1.00,1.00,1.00,1.00,B,112,76,226,229,171,180,199,155,,139,208,228,226,150,0.73971,1.1092,1.1155,155,139,212,230,228,152,,Not great,0.00,,,
SAFC17A,YOY,IP,56,Eighteen,,,,17,11,6,39,5,8,9/8/21,BP,G,0.00,,,4,1,1,,,,45B,4,1,1,9/8/21,9/9/21,,,1.00,1.00,1.00,1.00,1.00,A,2,8,72,80,42,141,176,82,,52,110,79,88,139,1.91585,1.131,1.1522,82,52,110,81,88,141,,Mean basal voltage dropped at a certain point,0.00,,,
SAFC17A,YOY,IP,56,Eighteen,,,,17,11,6,39,5,8,9/8/21,,G,0.00,,,,,,,,,,,,,,,,,1.00,1.00,1.00,1.00,1.00,B,1,1,89,198,100,241,238,90,,75,146,151,145,187,1.21959,1.13,1.1754,98,75,158,157,153,199,,Great!,0.00,,,
SAFC17A,GBG,IP,56,Eighteen,,,,17,11,6,39,5,8,9/8/21,BP,G,0.00,2.659,2.7,5,1,1,,,,48B,4,1,1,9/8/21,9/9/21,"5th yolky oocyte small and broken during dissections; photo: 4th yo hard to discern, but there",,1.00,1.00,1.00,1.00,1.00,A,140,105,189,251,234,241,249,129,,197,196,202,170,172,0.88772,1.1157,1.1573,141,213,210,224,186,188,,High responsiveness,0.00,,,
SAFC17A,GBG,IP,56,Eighteen,,,,17,11,6,39,5,8,9/8/21,,G,0.00,2.659,2.7,,,,,,,,,,,,,,,1.00,1.00,1.00,1.00,1.00,B,100,56,173,241,232,239,236,175,,201,206,170,191,185,1.02431,1.1236,1.1517,187,207,212,182,201,195,,Great signal:noise,0.00,,,
SAFC17A,BOB,IP,56,Eighteen,,,,17,11,6,39,5,8,9/8/21,BP,G,0.00,2.706,2.7,4,1,1,,,,4B,3,1,1,9/8/21,9/9/21,1 yolky oocyte damaged and difficult to see as ovoid by time of photograph,,1.00,1.00,1.00,1.00,1.00,A,-9,-1,25,77,46,126,150,1,,5,41,8,59,29,0.875739,1.1411,1.2261,-1,7,47,4,65,27,,Weak recording. Odd spontaneous activity,1.00,,,
SAFC17A,BOB,IP,56,Eighteen,,,,17,11,6,39,5,8,9/8/21,,G,0.00,2.706,2.7,,,,,,,,,,,,,,,1.00,1.00,1.00,1.00,1.00,B,-2,-3,1,58,31,86,135,4,,-7,25,46,13,16,1.08667,1.1443,1.2796,4,-7,25,52,13,16,,Weak. Tried multiple sensilla but all low responsiveness,1.00,,,
F32A,YBY,SP,57,Eighteen,1,1,,59,9,7,16,2,18,9/9/21,BP,G,0.00,2.778,2.8,5,1,1,,,,27B,5,1,1,9/9/21,9/10/21,photo: one yo is obfuscated but can tell it is a YO,,1.00,1.00,1.00,1.00,1.00,A,17,5,20,96,58,147,136,29,,45,41,28,34,48,2.10718,1.1475,1.2299,34,30,66,51,31,98,,High basal activity,0.00,,,
F32A,YBY,SP,57,Eighteen,1,1,,59,9,7,16,2,18,9/9/21,,G,0.00,2.778,2.8,,,,,,,,,,,,,,,1.00,1.00,1.00,1.00,1.00,B,7,-3,18,92,47,107,111,9,,6,47,19,28,26,1.78144,1.123,1.1765,9,0,51,21,26,28,,"High basal activity, low responsiveness",0.00,,,
F32A,BYB,SP,57,Eighteen,1,1,,59,9,7,16,2,18,9/9/21,BP,G,0.00,2.69,2.7,5,1,1,,,,28B,4,1,1,9/9/21,9/10/21,5TH YOLKY OOCYTE HARD TO SEE; photo: one oocyte is too translucent to count,,1.00,1.00,1.00,1.00,1.00,A,8,7,35,156,30,186,177,22,,14,57,42,37,97,1.47219,1.1294,1.1902,26,18,57,42,35,109,,"Air to antivibration table had been shut off this morning. It refilled, but I noticed lots of high basal activity and noise",0.00,,,
F32A,BYB,SP,57,Eighteen,1,1,,59,9,7,16,2,18,9/9/21,,G,0.00,2.69,2.7,,,,,,,,,,,,,,,1.00,1.00,1.00,1.00,1.00,B,-8,27,31,165,33,195,218,33,,45,103,76,72,50,1.3862,1.1297,1.1863,33,49,111,82,80,58,,Fixed a leak on the table. Much better recording.,0.00,,,
F105/2,OGO,SP,57,Eighteen,,,,4,3,7,18,1,7,9/9/21,BP,G,0.00,3.026,3.0,7,1,1,,,,35B,6,1,1,9/9/21,9/10/21,"7TH YOLKY OOCYTE HARD TO SEE, 6TH YOLKY OOCYTE BROKEN; photo: 1 yo obfuscated but can tell it's there; 1 uncounted  doesn't have ovoid shape to count",,1.00,1.00,1.00,1.00,1.00,A,126,83,221,224,236,232,248,163,,186,168,153,205,175,1.0498,1.1212,1.2145,183,206,182,167,235,209,,Good signal:noise,0.00,,,
F105/2,OGO,SP,57,Eighteen,,,,4,3,7,18,1,7,9/9/21,,G,0.00,3.026,3.0,,,,,,,,,,,,,,,1.00,1.00,1.00,1.00,1.00,B,54,13,178,254,151,255,257,118,,131,165,154,131,171,0.90914,1.1205,1.2387,134,159,183,174,145,211,,Good signal:noise,0.00,,,
SAFC13,BOB,SP,,Eighteen,,,,51,8,13,46,2,20,1/4/22,BP,G,0.00,2.786,2.8,,,,,,,2C,7,1,1,,,,,1.00,1.00,1.00,1.00,1.00,A,-4,29,92,136,111,150,187,62,,108,83,107,98,68,1.16554,1.1408,1.2235,74,124,97,123,112,84,,Good recording!,0.00,,,
SAFC13,BOB,SP,,Eighteen,,,,51,8,13,46,2,20,1/4/22,,G,0.00,2.786,2.8,,,,,,,,,,,,,,,1.00,1.00,1.00,1.00,1.00,B,3,15,14,99,147,203,87,12,,45,58,42,55,15,1.13957,1.1369,1.1369,12,45,58,42,55,15,,Some weird/low responses,1.00,,,
SAFC13,GBG,SP,,Eighteen,,,,51,8,13,46,2,20,1/4/22,BP,G,0.00,2.886,2.9,,,,,,,13C,7,1,1,,,,,1.00,1.00,1.00,1.00,1.00,A,9,97,183,167,225,243,209,158,,119,204,183,175,171,1.89706,1.1359,1.2257,188,133,248,225,191,197,,Pretty responsive to everything. Could not establish connection for a B sensilla after trying 4 others.,0.00,,,
64C,WOW,SP,,Eighteen,,,,4,0,8,29,1,18,1/4/22,BP,G,0.00,2.965,3.0,,,,,,,23C,12,1,1,,,,,1.00,1.00,1.00,1.00,1.00,A,18,28,60,62,119,64,116,40,,82,49,57,81,24,2.2414,1.1159,1.1675,46,84,61,59,91,30,,Seems alright,0.00,,,
64C,WOW,SP,,Eighteen,,,,4,0,8,29,1,18,1/4/22,,G,0.00,2.965,3.0,,,,,,,,,,,,,,,1.00,1.00,1.00,1.00,1.00,B,-3,50,41,189,174,150,138,33,,103,120,107,103,103,1.5575,1.1626,1.219,41,115,128,115,107,109,,,0.00,,,